context_id	word	gold_sense_id	predict_sense_id	positions	context
1	замок	1		82-86	живет самое большое в мире привидение. Немало туристов привлекают и средневековые замки на Рейне, которые позиционируются как официальные резиденции призраков. Есть в
2	замок	1		85-89	веков. Приглашаем Вас провести Вашу свадьбу в Чехии в средневековом стиле. Старинный замок Локет - наилучшее место для Вашей исторической свадьбы. Замок Локет, ведущий свою
3	замок	1		81-85	Интересная комбинированная экскурсия, которая позволит Вам увидеть два старинных замка Шотландии: Замок Абботсфорд (The Abbotsford Castle), родовое поместье сэра Вальтера
4	замок	1		90-94	англичанином Эдуардом Блором, дворец с запада напоминает мрачный средневековый феодальный замок, с севера близок к английскому тюдоровскому стилю. Южный фасад имеет еще более
5	замок	1		82-86	честь своего создателя лорда Крумлова из рода Витковичей. Монументальный комплекс замка Чески Крумлов, как его называют местные жители, расположен на продолговатом скалистом
6	замок	1		82-86	на континенте», но речь идет о самом крупном из Британских островов. Как такового замка нет, зато живописные руины позволяют разгуляться фантазии и дарят фотографам интересные
7	замок	1		87-91	Pernstejn) выглядят именно так, как большинство из нас представляет себе средневековый замок. Благодаря этому она является одним из самых популярных туристических объектов
8	замок	1		86-90	Землевладение создало дворянство. Рыцарь-разбойник, который захватывал землю и строил замок, становился благородным лордом, сеньором, который пользовался всеобщим уважением
9	замок	1		84-88	принадлежит не тебе (ведь ты таак любишь и понимаешь футбол… Почему яхты/самолетыи/ замки/островадворцы/красавицы и красавцы /сокр овища… не твои, а их?! Почему все что
10	замок	1		87-91	погасли все огни, и замок погрузился во мрак. Крики, стоны людей, страх и ужас окутали замок плотной пеленой. Что случилось? Что произошло?- отовсюду слышались возгласы людей
11	замок	1		85-89	приехать в этот загадочный Невицкий замок - замок «невест»). Экскурсия в Ужгородский замок (Каменная летопись города) , музей архитектуры и быта под открытым небом (рассказывает
12	замок	1		82-86	холмы и далекие башни Спишской Капитулы * . Над городком возвышались руины белого замка. Он был такой большой и белый, что казался каким-то метеорологическим курьезом,
13	замок	1		88-92	французском, английской, немецком и датском языках. Видимо, русские редкие гости в этом замке, поэтому необходимости в гид-туре для наших соотечественников пока нет. За достаточно
14	замок	1		85-90	бизнеса составление долгосрочных бюджетов чаще всего сродни строительству «воздушных замков». Лучше этим не заниматься и с точки зрения экономии денежных средств, и просто
15	замок	1		87-91	регионов Франции. Еще со времен Столетней войны здесь сохранились укрепленные города и замки, отличающиеся красотой, гармонично связанной с природой. На юго-востоке региона
16	замок	1		80-84	Росток. Трансильвания, обиталище графа Орлока, снималась в Словакии. В качестве замка вампира при съемках исп
17	замок	1		92-96	средневекового замка, но от остановки их не видно (они расположены за лесом), я сам узнал о замке уже после того, как побывал в Базеле, так что не знаю, заслуживает ли он посещения
18	замок	1		34-38	посвящена эпохе этого императора) замок с богатейшей коллекцией средневекового оружия и охотничьих трофеев. Изначально
19	замок	1		83-87	вполне оправившийся от недавнего потрясения, и вестником счастья помчался в Лесной Замок. -- А, вот вы где, -- сказал он, входя в сад. -- Я звоню, звоню, и никакого ответа
20	замок	1		89-93	рыцарский замок для романтичных натур, когда банкетный зал превращается в парадные покои замка, где горят факелы, а столы уже ломятся от свежеприготовленной дичи. Японский ресторан
21	замок	1		82-86	Вары и который находится неподалеку от бывшей королевской охотничьей резиденции – замка Локет.
22	замок	1		82-86	доверенных лиц, министров… Начало череде неизбежных жертв положено в Михайловском замке в кровавую ночь с 11 на 12 марта 1801 года. Никогда и нигде не скрыться ему от
23	замок	1		47-51	появилось множество мифов связанных с замками: замке Карлштейн посвящен слепому музыканту. Легенда гласит, что этот музыкант обычно
24	замок	1		80-84	72 места, «Центральный» на 64 места, «Уральский» на 84 места, спальные корпуса «Замок», «Россия», «Губернский» с оборудованием номеров типа «апартаменты». В 2000 году
25	замок	1		72-76	появляется что то неизвестное и это неизвестное отрыл, грубо говоря, ты.Замок стоит на горе Сипатория (если я правильно запомнила название) и ведет к нему очень
26	замок	1		81-86	еще не чувствовал злобы; просто это была обычная методика допроса. - Кто владеет замком? - так же спокойно повторил он. - Не знаю! Майор снова ударил его. - КТО?! На этот
27	замок	1		86-90	история или таинственная легенда. Выстраивая маршрут своего путешествия, выбирайте те замки, которые покажутся вам наиболее интересными, но не забывайте, что некоторые из
28	замок	1		82-86	стежка вьется над пропастью. Духом взбираюсь вверх. Развалины двух церквей, бань, замка с бойницами, к северу оттудова ворота, много резной работы... В Гергеры, вдоль
29	замок	1		41-45	ответ, и, ускорив шаг, она устремилась к замку тем же путем, каким пришла.
30	замок	1		42-46	моей остановкой стал древний Эдинбургский замок, в котором короновались все шотландские правители. Когда-то это была резиденция
31	замок	1		83-87	она хоть понимает, что делает? Кому она нужна -- нищая наследница полуразрушенного замка, в котором всех богатств -- летучие мыши да пыльные гобелены?
32	замок	1		86-91	крестьяне приняли присягу королю Стаху, и он неожиданным ударом овладел самым сильным замком в уезде. Ожидали только Яраша Штамета с хлопцами, и поскольку войско было сильным
33	замок	1		83-87	бойни восхищало их! Бах свернул в боковую улицу. Мрачный, пробный приближался он к замку дрезденского князя. Придворные называли князя затейником: он любил стравливать
34	замок	1		80-84	сильная средневековая крепость уступила место пышному красивому елизаветинскому замку» (Дж. Грин). Англию покрыли здания, в которых мысль о защите оставлена ради мысли
35	замок	1		83-87	что это было крупное поселение, в центре которого находился укрепленный феодальный замок боярина Кучки. Само поселение называлось по имени владельца - Кучково. Но поселение
36	замок	1		82-86	должна себе в убыток выполнять жизнеобеспечивающие функции для другой ('Последний замок' Дж. Вэнса); грызнёй за ресурсы, в том числе жизненное пространство (люди и дуотты
37	замок	1		85-89	женщины. Напротив задрапированного шпалерами широкого оконного проема стоял человек. Замок Критьен отделяла от внешнего мира изрядная полоса дремучего, почти не насе-ленного
38	замок	1		80-84	железная жизни подруга, тем дороже. Во-вторых, дополнительные возьмут деньги за замки более сложной конфигурации – с штырями и задвижками. Каждая «дверная» фирма предлагает
39	замок	1		43-47	Садлея, главного реставратора Королевского замка в Варшаве (Польша), начались реставрационные работы по колористике главного алтаря
40	замок	1		80-85	портал Shadow World под администрированием Хлогеона (ni-form) сливается с Белым Замком, становясь его частью. Материалы и пользователи уже у нас. Текстовая игра будет
41	замок	1		85-89	города, то вероятно, мы обнаружим очень много новых ходов. И сейчас в Ичери Шехер, в замке Ширваншахов, в его Диванхана есть зарешенные входы в подземелье. Примерно такой
42	замок	1		81-85	существовал под знаком высшей целостности. Три имама подошли к верховным воротам замка и остановились.
43	замок	1		82-86	осматривали средневековый замок, и очутились в visual certexam suite crack том же замке, только во времена средневековья.
44	замок	1		53-57	сооружения недалеко от него, а также замки поменьше. замку, Вы сможете лицезреть сохранившуюся обстановку. Вам удастся побывать в пивоварне
45	замок	1		81-85	руку. Колт круто обернулся и удивленно уставился на нее. Завтра язык я вернусь в замок вместе 2010 тобой и представителем местных властей и заберу половину своего золота
46	замок	1		80-85	даже согласиться на позволение присягнуть в верности Полякам старост Подольских замков 378-380 Кончина Олесницкого, сделавшегося из комнатного Ягайлова служителя кардиналом
47	корона	1		86-91	которой выпрыгивают 12 шпрот . Надпись на памятнике гласит: 'Шпроты – это жемчужина в короне рыбной промышленности', поэтому одна из рыбок увенчана короной. Именно к ней и
48	корона	2		45-50	Нормандские острова стали частью Нормандской короны. В 1066 герцог Нормандский разместил свою армию в Сассексе и стал королём Вильгельмом
49	корона	1		82-87	он наряжался в пестрые шелка, расшитые золотыми цветами, носил накладные волосы и короны изысканных фасонов со множеством драгоценных камней и жемчуга, его мощная шея была
50	корона	1		82-87	золотом щите, коронованный двумя коронами, над которыми находится третья такая же корона в большем виде; государственный орел держит золотые скипетр и державу; на груди
51	корона	2		90-95	ненавидевшему свою национальность и Родину, отобрать у России (в то время СССР) шахматную корону.
52	корона	1		82-89	алтарем, дароносицы, распятия, подсвечники, пирамиды в виде колоколов, увенчанные коронами (символами вечной жизни и победы над смертью) и даже подпись автора на стене, сделано
53	корона	1		84-90	после свадьбы женщина переплетала девичью косу на две и укладывала их вокруг головы короной. Отныне она должна была носить платок, чтобы мужчины не могли видеть ее волос.
54	корона	1		81-86	огня на земле. Над гербом центрированного на себе главного светила — королевская корона (символизирующая крону солнца).
55	корона	1		85-90	людей, связанных с НП СРО «Гильдия Строителей Урала», ничуть не меньше была достойна короны победительницы и другая участница конкурса — офис-менеджер нашего партнерства Светлана
56	корона	1		89-94	Талантище!Я хотела одного,выглядеть как королева!А какая королева без короны?А где взять корону?А как ее можно сделать?И т.д.На все эти и многие другие вопросы мне помогла ответить
57	корона	2		80-85	индуса Абу, Серёжа стал вторым! И это в 40 лет! Единственная преграда к мировой короне для него сейчас - Станашек. Однако Сергей ни на шутку взялся за тренировки. 542.5
58	корона	1		71-76	заниматься альтруистической деятельностью. Корректируйте свою природу. корона, огненный меч или змей.
59	корона	1		85-90	избавиться от Горя-несчастья и предлагает солдату Ивану купить перстень, шпагу, даже корону, но обязательно Горе-злосчастье в придачу. Тот соглашается только на табакерку
60	корона	2		80-86	котором покоится право на данную недвижимость, является концессия, соизволенная короной; акты о приобретении собственности осложняются новыми и новыми документами, по
61	корона	1		84-89	подумала о скачать бесплатно игру naruto shippuuden , что shippuuden naruto получит корону Англии, то вспомнила Софию Шарлотту и поняла, насколько она отличается от своей
62	корона	1		81-86	0 верных сынов Тихого Дона, Кубани, Терека и других Казачьих Войск – «жемчужин в короне Российской Империи» – до 30 000 штыков и сабель числились в составе XV Казачьего
63	корона	1		81-86	денежные призы – по 10 тысяч рублей, а головы победителей украсили символические короны. Праздничный концерт завершился салютом, расцветившим небо Дальнегорска красивейшими
64	корона	1		88-93	победительнице начальник управления здравоохранения и курортов ОГА Лидия Диденко надела корону. За победу Виктория Возбранюк была награждена туром по семи странам Европы, за
65	корона	2		83-88	они примут ее то она покажет им остров где находится богатство легендарной Золотой Короны. Думая, что они получат новое сокровище, команда согласилась, но все оказалось
66	корона	1		80-86	как чисто пропагандистскую конструкцию — можно было бы оторвать голову вместе с короной. Потому что в России не может и не должно быть двух и более царей одновременно.
67	корона	1		80-86	стенчатой короной и окружен дубовыми листьями, соединенными голубой лентой. Над короной вензель Петра I Великого.
68	корона	1		83-88	что императрица вместе с армией к нам с Москву переместилась. Друзья нашу получили корону и побежали закладывать ее.
69	корона	1		62-67	Мы домой поспешили И сплели, как решили, Золотую корону себе! корона хороша – В ней осеняя душа. Осень, видно, здесь недавно Тихой поступью прошла.
70	корона	1		80-85	встретите в замках. К таким королевским символам относятся Кубок, Брошь, Герб и Корона. В одной из усыпальниц замка Avalon есть потайная комната. Открыв её выигрышной
71	корона	2		81-86	потому похудеть я исполнил наложенный ее отцом на меня долг, добыл Сильмарилл из короны Моргота.
72	корона	2		81-86	'. Но стрельцы, настроенные возмутителями, закричали: 'Пусть молодой царь отдаст корону старшему брату! Выдайте нам всех изменников! Выдайте Нарышкиных; мы весь их корень
73	корона	2		80-85	Эспаньола. С конца XVII века его западная часть перешла во владение французской короны. Безжалостно истребляя коренных жителей – индейцев-карибов, туда в трюмах кораблей
74	корона	2		83-88	германские императоры этим брачным союзом узаконили свои притязания на норманнскую корону 22 .
75	корона	1		87-92	накладная икона Пресвятой Богородицы «Благодатное Небо», овальной формы. Икону венчает корона, под иконой изображен щит с гербом. В верхней левой части задней крышки накладная
76	корона	1		84-89	получили призы-это победа в различных номинациях и спонсорские подарки. Хрустальные короны украсили головы 6 юных гимнасток. Организаторы подарили всем замечательный незабываемый
77	корона	1		86-91	Никому не сказала жена падишаха об исчезновении мужа. Облачившись в его одежды, надев корону, стала она вместо него править страной. По прошествии двух месяцев со дня отъезда
78	корона	2		82-87	неаполитанского короля* Людовик I добился в 1370 г. при поддержке шляхты польской короны, а с помощью папы и в результате военных действий превратил ряд итальянских государств
79	корона	1		41-46	точки зрения общей геральдической теории корона - абсолютно нормальный гербовый атрибут, второстепенный (по сравнению со щитом)
80	корона	2		86-91	Доходы и убытки Вы еще не забыли, какова наша цель? Да, конечно, послужить английской короне, но это не главная. А главная какая? Несомненно ? обогащение! Иначе говоря, ваши
81	корона	1		42-47	Возложение понтификом Иоанном XII (?–964) короны римского императора на германского короля Оттона I Великого (912–973) ознаменовало
82	корона	1		85-90	Кримхильда удержала своих людей опять: 'Я подождать немного приказываю вам. Сперва в короне выйду я сама к моим врагам. Вы все должны услышать, в чем грешен предо мной Владетель
83	корона	2		84-89	Псков о тайном разведывании, что происходит в Швеции относительно сношений шведской короны с Польшею и другими государствами.
84	корона	1		91-96	геральдических корон. 16 - дворянская корона. 17 - корона самостоятельного правителя. 18 - корона графа. 19 - княжеская шапка. 20 - княжеская шапка. 21 - герцогская корона. 22 -
85	корона	1		55-60	остальным рекомендую не забывать мыть руки перед едой! корону увезла конкурсантка из Казани
86	корона	1		81-87	его владельца, последний полностью не воспользовался: он изъял из клише картуш с короной и инициалы и добавил наборным шрифтом подпись «Из книг В.К. Лукомского». Реакцию
87	корона	1		82-87	Интересно, будет ли выход Абрамяна столь пофосен, как обычно происходит в Европе? Корона, скипетр или постесняются? :)
88	корона	1		83-88	мне, я все равно не могу лицезреть Твои святые лотосные стопы? – Их застят золотые короны, усыпанные драгоценными камнями, принадлежащие множеству небожителей, в волнении
89	корона	1		83-88	погребальный саван, и обряжают в восемь облаков славы. На голову ему водружают две короны, одна из драгоценных камней и жемчуга, вторая из золота. В руку вкладывают восемь
90	корона	2		45-50	новая организация Ставки: Дитерихс в тройной короне своих должностей с тремя помощниками Андогским, Бурлиным и мною, причем опять заявлено
91	корона	2		85-90	условия, вписанные английским королем. 1. Английский король откажется от французской короны. Король согласен при условии, что будет добавлено: это не относится к тому, что
92	корона	1		80-86	скрещённые пушки, ядра, знамёна; правая сторона – одноглавый имперский орёл под короной; рыцарский доспех, щит, мечи, секиры в обрамлении дубовых листьев; пушка, барабан
93	корона	2		95-100	взаимоотношений России и Польши в XIX в. выглядит следующим образом. Приняв в 1815 г. польскую корону, Александр I даровал полякам конституцию, по которой они получали свой парламент
94	корона	1		81-87	гербом Словакии, которая длительное время входила в состав Венгрии). Щит увенчан короной святого Стефана.
95	корона	2		81-86	скрывающихся в лесах Рогирры. Вина с них будет снята, если они встанут на защиту короны. Что еще?
96	корона	2		90-95	расположенная южнее девятая армия. Ей противостояла Седьмая армия Фланцер-Балтина (верные короне венгры и хорваты), считавшаяся едва ли не лучшей в австрийской армии. Командующий
97	корона	1		84-89	войне за испанское наследство. В 1701 г. возложил на себя в Кенигсберге королевскую корону. Был расточителен, любил великолепие, основал университет в Галле, академии наук
98	корона	2		87-92	четырехцилиндровыми четырехтакными двигателями почти десять лет штурмовали чемпионскую корону в классах 250 и 350 см 3 , но лишь после ухода японских фирм, в 1969 году, австралиец
99	корона	2		43-48	за превосходство среди эльфийских подрас . Короны, вероятно, столкнутся с сильным сопротивлением, если все в группе будут не- эльфами
100	корона	2		80-85	капли сомнения в праве самым жестким образом упрекать Янину. - Как может гостья короны позволить себе так поздно ночью присутствовать на зрелище? Как смеет гостья короны
101	корона	1		80-85	трех трупах. Над могилой возвышаются три оживших скелета. Тот, что в центре,— в короне и королевской мантии. По бокам — два его сподвижника. Один, вооруженный луком и
102	корона	1		82-86	весь Париж переезжал с квартиры на квартиру. Лавчонки старьевщиков уже не вмещали корон, митр, позолоченных деревянных скипетров и геральдических лилий -- всякого старья
103	корона	2		86-91	первых шагах звезды Мечта миллионов мужчин на Земле- Маша Шарапова- билась за мировую корону в солнечном Мадриде, а на берегу Черного моря тренер Валерий Песчанко, глядя на
104	корона	1		81-86	людей! Моего отца называли великим королем. Несметные сокровища, дворцы, золотые короны, жезлы, драгоценные камни, богатство, какое во сне не приснится, - все это принадлежало
105	корона	1		82-87	драконом, с мешком и шарфом. Со спины видит Офелию. Почти ничего не видно, только корона поблескивает в свете звезд.)
106	корона	1		81-86	сторону экрана монитора, втянувших сопли и нацепивших себе виртуальных орденов и корону..)) ..По ихнему монитору я конечно треснуть не могу, но моСк разрушить - запросто
107	корона	2		84-89	тогда Британией, и не признававший власти Владетеля, с перепугу все сокровища своей короны в Холод убрал, и ума лишился. Не смог ничего достать обратно. -- Говорят, -- тихонько
108	корона	1		83-88	взял ее в руки. Затем, не вставая с колен, он подполз к Волху и сказал, протягивая корону и склонив голову:
109	корона	2		86-91	качестве «традиционной религии» было бы возможно – ради польских и литовских подданых Короны. Но в том обрубке, который именуется РФ, называть католичество «традиционным» было
110	корона	1		82-87	прав на трон не только от своего имени, но и от лица всех своих потомков. Поэтому корона была спорота со знамени и стерта с гербов, вычеканенных на щитах воинов гарнизона
111	корона	1		86-92	ожерелье, а над ликом Богоматери вделали наперсный бриллиантовый крест с изумрудами и короной наверху. В середине же креста на изумруде вырезано Распятие Господа Иисуса Христа
112	корона	1		90-97	сомневается, что литература это открытым ', в столицу европейского гения, путь сопряжен с коронами и золото '.
113	корона	1		82-88	их грехи прощаются, их вводят в рай, они спасены от наказания могилы, их коронуют короной уважения и даруют право заступничества за семьдесят членов семьи относительно их
114	корона	1		80-85	по той причине, что помимо выше обозначенных символов они могут встретить еще и корону принцессы, которая способна увеличить приз в 500 раз, если 5 таких символов выстроятся
115	корона	1		86-91	весьма солидных размеров хвост; в третьих, голову существа увенчивала самая настоящая корона острых рогов; в-четвёртых, тело пришельца от макушки до самых пяток покрывала блестящая
116	корона	1		56-61	так наша земля замешалася и пришли нестроениа великие». короны такова. Уже Иван I Калита завещал наследнику парадные одежды («порты») — кафтан
117	корона	1		87-92	использовала штамп 'Ноты'. Не знаю почему, но захотелось мне добавить в работу наличие короны... И вот результат: Обложка в развороте: 'лицевая' сторона: Несколько слов о работе
118	кран	1		87-92	гардероба, кухни, холодильника, несколько потертый ковролин в комнате, при пользовании краном из-под раковины течет вода.
119	кран	1		81-87	Одна из важных для крана деталей - запорный механизм. Но для крана с ручками или кранами он не актуален, так как работоспособность их зависит от степени износа прокладки
120	кран	1		82-86	срифмовал я, но вслух сказать постеснялся. - Вадик. – Водку по стопкам разлил, из крана кружку воды набрал и на стол поставил. – За знакомство что ли? - Ага. Выпили, запил
121	кран	1		43-46	регулировки клапанов ничего не делалось. 1 кран отопителя; 4 — крышка головки блока цилиндров; 5 — впускной * На двигателях ЗМЗ-
122	кран	1		92-95	предварительной фильтрации; обратноосмотическая мембрана; угольный постфильтр; керамический кран чистой воды; пластиковая подводка типа 'John Guest'; накопительный бак 12 литров
123	кран	1		46-49	напоминать: «Почини кран, почини кран, почини кран!» Он же не напоминает, чтобы я приготовила завтрак, обед и ужин! Я ужасно обижаюсь
124	кран	1		80-85	загибаться дугой. На рисунке это хорошо видно. «Чашу» подвесь под водопроводным краном и пусти воду несильной струей. Как только уровень воды дойдет до верхней части
125	кран	1		82-87	надежность. Разборный тип сальника обеспечивает ремонтопригодность изделия. Ручки кранов более эргономичны и оптимальны по размеру. Маркировка STC наносится не только на
126	кран	1		81-85	лучшим напитком станет простая питьевая вода. Конечно, не стоит пить воду из-под крана — хлорка вряд ли пойдет на пользу вашему организму. Кипяченая вода (хоть и «мертвая
127	кран	1		81-85	ключевой момент, выбирайте ирригатор с возможностью подключения к водопроводному крану.
128	кран	1		40-44	производить передачу изделия на ванне с крана на кран и улучшить таким образом степень загрузки ванны. В данном случае действительны
129	кран	1		88-92	несмотря на проведение очистных работ в месте ее подготовки качество воды поступающей в краны наших кваритр оставляет желать лучшего, потому что перед тем как прийти в место
130	кран	1		81-84	в свою очередь чьё-то и вытерев ноги об него ретировался. В Valira, кстати, есть кран в душе с теми же термальными водами. Воняют они дюже.... Сеанс в Кальдеа 3 часа
131	кран	1		84-87	значительно прибавилось. Умылся , почистил зубы. Валерка держал шланг насаженный на кран около помещения ,и трепался как будто расстались только вчера,а не больше месяца
132	кран	1		82-86	калитку или пустить воду из крана, что она проделывала, мягко взяв в зубы вентиль крана и ловко отвертывая его. В то же время она была совершенно незнакома с обычным собачьим
133	кран	1		51-55	устройство на место, парогенератор заполнить водой.краны) на трубопроводах газа, пара, холодной и горячей воды.
134	кран	1		46-51	водоснабжения при открытых запорных и сливных кранах происходит не в сливные баки, а в контрольные магистрали, поэтому неиспользованная
135	кран	1		83-87	иной вообще двух слов толком связать не может. Да еще дикция, как у водопроводного крана. Я мучаюсь, пытаюсь разобраться, что он там квохчет, а Петр все на своем столе
136	кран	1		80-85	установке и обслуживании. Представляя из себя не что иное, как пару совмещенных кранов с изливом посередине, этот смеситель с большей точностью задает температурный режим
137	кран	1		35-40	в накладных кто-то перепутал дату. краном с холодной водой и дальнейшем ее использовании предприниматель согласился, что
138	кран	1		94-100	высокопрочного стекла марки Pyrex. Манифольды подразделяются на ручные (с ручными тефлоновыми кранами) и полуавтоматы (с тефлоновыми пневмокранами).
139	кран	1		94-98	водонагреватели имеют гидравлические и электронные системы управления (включения при открытии крана) горячей воды. Наибольшее распространение получила схема, состоящая из гидромеханического
140	кран	1		81-84	глаза слабо мерцали в темноте потусторонним светом. Левая рука пыталась нащупать кран. То, что осталось от Берембойма, исследовало ногой таз и, принимая его за поддон
141	кран	1		84-88	Возможна ли при устранении протечки замена старого чугунного радиатора и сломанного крана на новые (кран с терморегулятором и биметаллический радиатор планируется приобрести
142	кран	1		84-87	адаптера закрыт. Запустить двигатель и увеличить обороты до 1 500 об/мин. - Открыть кран адаптера и отрегулировать таким образом, чтобы двигатель работал на минимальных
143	кран	1		79-82	вместо того, чтобы сказать «Ты до сих пор не починил кран», произнесите фразу «Кран по-прежнему течет».
144	кран	1		89-94	соответствие нормам холодной воды на выходе со станции, другое — той, что течет у вас из кранов. В ГУПе обеспокоены состоянием коммуникаций. Из 7,5 тысяч километров труб хозяйства
145	кран	1		83-87	части сосуда. Теперь на всем уровне В давление равно атмосферному. Значит, вода из крана С вытекает лишь под давлением слоя воды ВС, потому что давление атмосферы изнутри
146	кран	1		90-95	исключающими слив грунта от ливневых дождей на дорожные покрытия; - устройство поливочных кранов вне здания для регулярных профилактических уборок территории с твердым покрытием
147	кран	1		42-47	может сочиться и из-под втулки сальника в кранах с вращательно-поступательным движением штока. В этом случае посильнее закручивают
148	кран	1		41-45	Если вам не хочется заморачиваться, а из крана течет жесткая вода, то ее можно смягчить следующим способом:
149	кран	1		85-88	спросить у вас, господин Марамбалль. Вот, например, газ. Я вскипятила воду и закрыла кран газовой горелки. Но газ продолжает гореть, хотя и не шипит. Скажите, пожалуйста
150	кран	1		84-87	сеть. Такие экраны нужны во время двух первых зим после посадки. К сожалению, такой кран может испортить облик Вашего сада, лучше всего использовать для этих целей плетеные
151	лавка	1		83-87	шанса проявить свои лучшие качества, а опытнейший Андрей Шевченко так и остался на лавке, очевидно, из-за не самого лучшего состояния здоровья.
152	лавка	1		83-87	диагонали от печи располагался передний угол. Вдоль стен набивались широкие лавки, лавка сбоку от входной двери завершалась вертикальной доской с верхом, вырезанным в виде
153	лавка	1		80-86	же морковка, нарезанная тонкими кружочками, и свекла палочками. Под столом, под лавками, возле печи навалом капуста. На полу столько кочерыжек и листа, что и половиц не
154	лавка	1		81-85	? Я знаю, куда прячет бабушка кисет. -- Не дожидаясь ответа, сбегал во двор и на лавке, под опрокинутым ведром, нашел старый, залоснившийся кисет с проношенной, пыльной
155	лавка	1		11-15	Восточная» лавки, мангал, освещение.
156	лавка	1		87-91	историка и археолога И.Е. Забелина, в предбаннике царской бани стоял стол, по стенам – лавки. Стол был покрыт красным сукном. На сукне – царские парильные принадлежности: полотняный
157	лавка	1		81-85	предназначается исключительно для установки на открытом воздухе. Столы, скамьи и лавки из металла и дерева – хороший способ декорировать дачный дворик. Только смотреться
158	лавка	1		81-85	так было солоно. Порою чёрная туча тоски проливалась потоком слёз. Я ложилась на лавку и рыдала в пуховую, обтянутую ситцем подушку. Как-то раз Нилов, обходя дозором
159	лавка	1		81-85	поиграть с молодежью. Хотя с другой стороны, захотели бы они частенько сидеть на лавке. Да и неизвестно, что там творится не на поле. Не хотелось бы, чтобы ушел или '
160	лавка	1		41-45	этот самый момент он заметил сидящего на лавке субъекта лет двадцати семи в потёртых джинсах и кожаной куртке. Субъект курил и
161	лавка	1		88-92	находился открытый очаг, в другой, жилой, вдоль каждой из продольных стен шли неширокие лавки. На фронтоне иногда имелись небольшие отверстия в виде люков. Многие из этих домов
162	лавка	1		38-42	движение русской православной церкви. лавке давно сидит. Так что в кои-то веки будет у нас ротация вратарей, ибо по уровню
163	лавка	1		84-88	смотрятся. Да и на сцене — никаких баррикад: из декораций только широкая деревянная лавка, которая служит героям то постелью, то тротуаром, то завалинкой, и огромные фотографии
164	лавка	1		80-85	мелодии русских народных песен. Учащиеся располагаются полукругом на деревянных лавках. Эмоциональный рассказ ведущих сопровождается показом экспонатов, демонстрацией
165	лавка	1		86-91	лавках, и я услышу, как они там болтаются. Но внутри было тихо. Я понял: они сидят на лавках, ноги поджали и руками что есть сил уцепились в сиденья. Сидят как приклеенные.
166	лавка	1		81-85	ребенком АКТИВНО (хорошо, что скоро наступят холода. Особо не посидишь на мокрой лавке, правда весб день гулять тоже уже не получится. Пока мы гуляем по возможности 2
167	лавка	1		84-88	дергается. В том числе, если позовут, условно, в 'Урал'. В клубах такого уровня ему лавку полировать. Лучше по итогам сезона с командой вылететь, но проявить себя в аутсайдерах
168	лавка	1		80-84	принес еще два узкогорлых, но с раздутыми боками, и Ховрах плюхнулся обратно на лавку: -- Вот за что я царскую службу люблю? Она полна неожиданностей. Думал ли я, что
169	лавка	1		81-85	совсем не держали, и он поиск работы повар-кондитер в Перьми тяжело плюхнулся на лавку. Может быть записка от Анастасии поиск работы повар-кондитер в Перьми внимания:
170	лавка	1		82-86	двери и прислушалась. Было тихо, только сверчок потрескивал. На цыпочках прошла к лавке и села. Лунный свет падал ей на руки. Они дрожали. Вдруг в комнатушке за печью
171	лавка	1		81-85	титулы в престижнейшей лиге мира. А кто-то радуется тому ,что не будет сидеть на лавке в топ-клубе в самом сильном(имхо) чемпионате. Броызгалов тоже не сразу, мягко говоря
172	лавка	1		84-88	тростника. Если ландшафт припоминает российский лес, то стоит сделать стилизованную лавку из бревен. Известно, что ландшафтный дизайн бывает различным. Однако направьте
173	лавка	1		44-48	гоблина, одетая в плащ и шляпу, спрыгнула с лавки и подошла к перрону.
174	лавка	1		85-89	здесь стоят горшки, чугуны, а сверху полки для чашек – «полица». В избе вдоль стен – лавки, в переднем углу стоит стол, за которым семья обедает. В углу над столом – иконы
175	лавка	1		85-89	растопырил свои ноги. Я его чуть не «затоптал» с разгону. После торможения прыгаю на лавку к Кузьмичу: «Здорово, Кузьмич». Он кладет мне на плечо свою ладонь, размером с
176	летопись	1		89-96	восточнославянские племена назывались по-разному, что известно нам из древнейшей русской летописи: вятичи, кривичи, древляне, поляне, радимичи и другие.
177	летопись	1		86-93	походов Игоря на греков, как мы об этом писали выше, имеются и в “Новгородской первой летописи”. Договор 944 г., не вызвав в историографии столь бурных и бескомпромиссных споров
178	летопись	1		81-88	с известием о начале монастырей уже во времена крестителя Руси кн. Владимира. Но летопись, возможно, свидетельствует о том, что при кн. Ярославе Мудром начиналось существование
179	летопись	1		88-95	старейшими и основными списками являются Лаврентьевская и Ипатьевская летописи. В своей летописи Нестор первым из русских историков связал историю Руси с историей восточноевропейских
180	летопись	1		48-56	Токарева А. Отчего молодежь покидает библиотеки летописях Россия называлась Гардарики страна городов. Однако в силу нашей обширности и исторического
181	летопись	1		80-87	протограф Симеоновской летописи или, быть может, точнее первых двух частей этой летописи; 2) Тверская летопись, доведенная до 1374 г. и начинающаяся, как кажется, с 1285
182	летопись	1		80-88	летописи гораздо больше по размеру, и еще раз подчеркнем, что с Радзивилловской летописью он одинаков лишь точным совпадением своего окончания. В Троицкой же пергаменной
183	летопись	1		80-87	в загадочном деле внезапной смерти 15.05.1501 г. царевича Димитрия. Официальная летопись гласит, что царевича убили агенты Годунова, а все следствие о деле было годуновской
184	летопись	1		87-94	закончено еще до этого. О строительстве Успенского собора Киево-Печерского монастыря в летописи сказано, что оно было завершершено 'на третее лето', не считая года закладки, т.е.
185	летопись	1		88-95	заставляет казнить Щавеля, Иена и Трикса – Маркель не будет колебаться. Когда-то, читая летописи о деяниях великих королей (в первую очередь, конечно, Маркеля Разумного), Трикс
186	летопись	1		87-95	развития характеризует эти две основные линии сибирского летописания. Тексты сибирских летописей XVII—XVIII вв. будут включены в два тома ПСРЛ. Том завершает Синодик Ермаковым
187	летопись	1		66-74	месте Киева нескольких поселений, слившихся затем в одно большое. летописях город Киев впервые упоминается в 860 году. Возвышение Киева произошло из-за его
188	летопись	1		43-50	искусстве 1950-60-х годов В художественной летописи Вологды ХХ века интересна каждая деталь. Сохранение прошлого и активное строительство
189	летопись	1		86-94	личность [Текст] / Ю.Н.Караулов. – М.: Наука, 1987. – 264с. 4.Полное собрание русских летописей. Т.1. Вып.2. Суздальская летопись по Лаврентьевскому списку. Изд-е 2-ое. – Ленинград
190	летопись	1		88-95	Московский великокняжеский свод 1479 г., Ростовский свод 80-х годов XV в. и Ермолинская летопись. Софийская вторая летопись сохранила первоначальные тексты 'Повести о Темир-Аксаке
191	летопись	1		82-89	котором интересующее нас событие описывается формулой, принятой для Псковской 3-й летописи, переписчик XVII в., думается, по собственному разумению, внес топографическую
192	летопись	1		84-92	разбиваются по образцу китайских садов, которые существовали в этой стране, судя по летописям, еще в VI в. До нашей эры...
193	летопись	1		83-90	как мехового товара («соболи, куницы, белки») содержит не Лаврентьевская, а другие летописи. Кроме того, процедура «немого торга» описана еще в арабо-персидских географических
194	летопись	1		68-75	говорить о правдивости и точности изложенных в летописи материалах. летопись «Повесть временных лет» переписывалась несколько раз, вовсе не удивляет. Каждый
195	летопись	1		45-52	на первомайском параде над Красной площадью. ЛЕТОПИСЬ оглавлением, на втором листе которого читаем: '!ПАНТОМИМА - АПОФЕОЗ!'- вот так
196	летопись	1		80-87	Волховца – Жилотуг (маленьким утоп); жена Руса – Порусия; дочь Руса – Полиста [ Летописи, 1977 ]. Как мы уже указывали, на стоянке Сахтыш VIII в волосовском слое, в центре
197	летопись	1		80-87	создана позиционная теория, рассказывает эта книга. Не даты, не имена, не факты летописи спортивных битв стоят в центре внимания автора. В первую очередь его интересует
198	летопись	1		88-96	известие, скорее всего, новгородского происхождения, т. к. именно в новгородской группе летописей известие отнесено к 6645 мартовскому году, второе — взято из источника, сходного
199	летопись	1		81-89	о рубинах датируются IV веком до н. э., встречаются они в индийских и бирманских летописях. В Римской империи рубин чрезвычайно почитали, его ценили гораздо выше алмаза.
200	летопись	1		91-98	Луи-Филиппа Первого. Что касается времен исторических, то здесь мне оказала большую помощь летопись Иоанна Тальпы, монаха Бергардинского монастыря. Я черпал из нее обильные сведения
201	летопись	1		92-99	разрозненность листов и пропуски в нумерации. Но его утверждение, о том, что вводный раздел летописи набран из отдельных, плохо связанных между собой отрывков, имеет логические разрывы
202	летопись	1		56-63	две трети затопленным Волго-Балтийской водной системой. летописи о Белоозере высвечивают лишь отдельные вехи его истории. Первыми его насельниками
203	летопись	1		76-84	достаточно далеко на севере, в глубине лесной зоны (см. комментарий [21] ). летописях русь двулика. С одной стороны — это варяги, скитальцы и пираты, «находники» по
204	летопись	1		82-89	конце концов, когда внутренние противоречия достигли большого накала, как говорит летопись, 'встал род на род' и началась большая усобица - новгородцы совершили тот политический
205	летопись	1		82-90	Свода 1305 г.». 60) Если наличие двух протографов у Софийской I и Новгородской IV летописей не представляется необходимым, то существование «основного свода», к которому восходят
206	летопись	1		89-96	заключается еще и в том, что первые рассказы о битве в Рогожском летописце, Симеоновской летописи, новгородском летописании очень кратки. Новгородский список к тому же тенденциозен
207	летопись	1		80-87	город на реке Гнезна, в 23 км к северо-востоку от Тернополя. Впервые упомянут в летописи под 1221 как центр удельного княжества в составе Галицко-Волынского княжества.
208	летопись	1		58-66	производстве строительных работ или специальных раскопок. летописях и старинных преданиях (какой древний город русский не имеет своих легенд! ) лишь
209	летопись	1		42-49	исследователя еврейской истории города, в летописи под названием «Евреи Рима» появится еще много новых глав.
210	летопись	1		73-80	разобрались в ситуации и сочли каждое из имен именем отдельного человека.Летописи, написанные на Западе, именовали Империю 'Великой', то есть, в несколько искаженном
211	летопись	1		44-51	обозначения в самых старших текстах русской летописи Simargla или S mar gla, Semar gla могло возникнуть, уже как обычное, Sima Rgla,
212	летопись	1		85-92	Здравствуйте,о.Аркадий! Подскажите, пожалуйста, где можно приобрести книгу 'Духовная летопись Забайкалья'.
213	летопись	1		81-89	по-человечески? И на этот вопрос ведь имеется столь же однозначный ответ во всех летописях. Но это люди в целом некультурные, летописи не читают, а к истории относятся пренебрежительно
214	летопись	1		84-92	княжил Вит (Вид), по прозванию Волк - неизвестный польским и литовским хроникам. По летописям Вит был сыном Давыда Ростиславича, внуком Ростислава Полоцкого , сосланного в Грецию
215	летопись	1		81-88	в России стала пожарная команда города Осташков. Еще в 1809 году, как повествует летопись, был составлен приговор 'О сборе с купцов и мещан по 25 копеек с каждого окладного
216	летопись	1		89-96	утверждалась в полемике с А.Г.Кузьминым, полагавшим, что всякое предварительное изучение летописи – задача филологов, а не историков. В центре споров – понимание «духа времени».
217	летопись	1		80-88	VII-VIII веков. н.э. происходит поступательное развитие поселения, названного в летописях под 903 г. Псковом.
218	летопись	1		82-89	княжение Ярослава в Киеве с началом закладки Св. Софии - речь идёт в Новгородской летописи (и действительно он впервые появился в Киеве в конце 1016 г, как новгородский князь
219	летопись	1		83-90	виды наказаний: 1. Смертная казнь . Русская Правда не говорит о смертной казни, но летописи сообщают о её применении. Смертная казнь применялась к восставшим против княжеской
220	летопись	1		62-69	делись? Естественно предположить, что их впоследствие сожгли. летописи, крещение киевлян в 988 году прошло достаточно спокойно. А вот свободолюбивый Новгород
221	летопись	1		81-88	его недалекости. Ну как, соглашались? Все больше эта смута подсказывала кровавую летопись реала, когда воля воспринималась всяким, как личная неограниченная власть и право
222	летопись	1		62-69	страны, наши предки связывали с именем именно этого апостола. летописи “Повесть временных лет”, почти две тысячи лет назад апостол Андрей во время своего
223	летопись	1		81-89	помещает событие под 920 годом, но это уже сдвиг в хронологии, столь обычный для летописей.)
224	летопись	1		86-94	сношений меду разными племенами государства; мудрым правлением она снискала в русских летописях бессмертное имя. Владимир Великий, сын деятельного воин и завоевателя, Святослава
225	летопись	1		83-90	город Приднестровья Бендеры отмечает в среду 600-летие со дня первого упоминания в летописи.
226	летопись	1		54-61	литературно-художественные тексты, включенные в свод. летопись</p><p>
227	летопись	1		85-92	династия Аспургов на Боспорском престоле. Битвы с херсонесцами по описанию языческой летописи.
228	летопись	1		80-88	как каменные или обнаружены археологическими исследованиями [4] . Но указания в летописях на пожары упоминают очень значительное число деревянных церквей на улицах средневековых
229	летопись	1		83-91	возникнуть в 60-х годах XII в. при Андрее или в 70-80-х годах при Всеволоде. Но из летописей точно известно, что в 1216 г. она была сожжена. Городок-крепость на Дубенском устье
230	летопись	1		82-89	севера Руси; 3) лет 100 спустя Нестор создал Повесть временных лет, взяв в основу летопись Иоакима, но приспособив ее к югу Руси, ибо Новгород в XI веке явно второстепенным
231	летопись	1		88-95	летописцу' в Великий Устюг она прибыла 7 октября 1556 года. Вот как об этом говорится в летописи: 'В лето 7065. С Покрова учали судити по городам и по станом земские судьи. Того
232	летопись	1		90-97	разведчики из Руси, сообщая о делах в Чернигове в Стародубе. Область вятичей по контексту летописи не включенная в Русь, а противопоставлена эгей 29 .
233	летопись	1		81-89	стрелки. Здесь же говорится, что мордва имела небольшие укрепления, называемые в летописях «мордовскими твердями». Была ли такая «твердь» на месте Мокшана? Доказать подобное
234	летопись	1		100-107	черниговско-северским князем Святославом Ольговичем. Через девять лет, в 1156 г., запись в Тверской летописи гласит о том, что тот же князь Юрий заложил крепость Москву в устье реки Неглинной
235	летопись	1		84-92	немногочисленных и малословных источников, какими здесь предстают сообщения русских летописей, на сохранившиеся документы Царского архива, как, например, роспись свадебного
236	летопись	1		87-95	окружен пригородными слободами с крестьянским населением. Имя реки Оскол встречается в летописях еще в XII в … Энциклопедический словарь Ф.А. Брокгауза и И.А. Ефрона
237	летопись	1		81-88	два часа, пока толпа находилась во дворце, страдал ни в чем не повинный человек. Летопись одной из церквей в Меце (Лотарингия) рассказывает, что кардиналы, до того как выбрать
238	летопись	1		82-90	говорили 'посвященные' барды (между ними есть и такие), что огромная коллекция их летописей, начальные свитки коих написаны с устных преданий, пополняет все пробелы и даже
239	летопись	1		80-88	Якуна. Для уточнения вопроса о причине гнева Всеволода надо обратиться к другим летописям. Дело в том, что перед тем как разгневаться, киевский князь послал в Новгород своего
240	летопись	1		80-88	исторического исследования, которое позволяет читать «нечитаемые» фразы и слова летописей и хроник. Термины манчжурских языков применимы и для названий многих древних городов
241	летопись	1		84-91	проживала отдельно, потому, что вышла замуж. Мне хотелось бы узнать - отражены ли в летописи истории Забайкалья события тех дней с цифрами, фактами, именами и фамилиями. Также
242	летопись	1		43-51	Позднее Воронож неоднократно упоминается в летописях в связи с трагическими для Руси событиями 1237 года, когда началось татаро-монгольское
243	летопись	1		82-90	имел отношение Игумен к белому духовенству Пскова и его соборам — не известно. Из летописей видно, что игумены вместе со старшими священниками стояли во главе народа и во
244	летопись	1		91-98	археологическими работами. Характерный пример. В 1016 г., как сообщает Новгородская первая летопись, во время конфликта новгородцев с варягами горожане, «собращася в нощь, исекоша
245	летопись	1		79-86	и мировой договор» – у Папиния; «обыкновение человеческой участи» – у Тацита («Летопись», VI); «общая надежда» – у оратора Лисия. Кто, по славам Клавдиана («Война с Гильдом
246	мат	2		85-88	плоскости относительно поверхности земли. Опущенный от центра тяжести на поверхность мата (татами) отвес должен двигаться вместе с айкидистом прямолинейно или по кривой.
247	мат	2		24-26	Системы электрообогрева мат – это высокотехнологичный отопительный кабель, созданный для удобства потребителей
248	мат	2		83-86	каркас настилали мягкие ткани или же прообраз ортопедического матраса – аккуратные маты, набитые шерстью. Сверху на них клали другие маты, набитые птичьим пухом.
249	мат	2		45-47	ножками, которыми он тоже любит размахивать. мат под перекладину (перекладину смотри на рисунке). Сядьте или встаньте на колени
250	мат	2		34-36	мат или увеличить время прогрева. мат укладываются прямо на землю, а сверху закрывается алюминиевой фольгой, поверх которой
251	мат	2		83-86	устройство защитного отключения. · Минимальная температура укладки нагревательного мата составляет 5 °С. · Нагревательные маты не могут быть смонтированы на легко воспламеняющихся
252	мат	1		84-87	мировая воистину финансовая олигархия в четыре хода добросовестно определила угрозу мата слишком самостоятельному и самоуверенному очень-то националистическому правительству
253	мат	2		88-91	теплофизическими параметрами и более жесткими критериями оценки качества. За счет этого маты WAT TAT МБПЭ могут применяться на особо ответственных участках, как в качестве
254	мат	1		81-83	в этом случае прикрываются слоном (Ch4), а белые, как и раньше, объявляют пешкой мат на g4. После того как пуля сбила белого коня, белые, взяв черную пешку пешкой,
255	мат	1		87-89	влюбилась в шахматы всей душой. В тот самый день, когда Эванс удалось поставить первый мат своему отцу, и то только потому, что тот дремал, девочка узнала новость, которая
256	мат	2		84-89	соревнований должны быть закрыты упругим покрытием - ковром, образуемым секционными матами - татами.
257	мат	1		86-90	боксерскими отрезками по 2 минуты. Победа достигается нокаутом, техническим нокаутом, матом, сдачей противником шахматной партии или просрочкой им шахматного времени. Если
258	мат	1		81-83	, он объявил лишь о том, что сейчас у «демократии есть уникальный шанс поставить мат тирании». Остается загадкой, какими именно фигурами он собирается выиграть на этот
259	мат	2		64-66	поверхности и ее падение на северо-восток, к берегу Малой Невы. мат удобно монтировать на любых площадях. Монтажная ширина – 500 мм.
260	мат	1		82-84	заново и только тогда сообразил: - Ах, черт меня побери! Ты же сделал мне детский мат! Он захихикал: - Тебе надо было следить за моим ферзем, а не за этой рыжей из рассказа
261	мат	2		83-86	механических повреждений. Пола нетрудно, но делать это нужно подготовить и уложить маты, проложить пустые. Комнатах, на кухне где на полу спокойствие и уверенность в своем
262	мат	2		81-84	.т в год будет производить стекловолокно и продукцию на его основе: утеплители и маты для строительства и укрепления дорог, стекловолоконные тенты. В ходе реализации
263	отклонение	2		43-53	создании согласительной комиссии в связи с отклонением Губернатором Приморского края Закона Приморского края 'О внесении изменений в Закон
264	отклонение	1		86-95	максимально допустимом смещении нулевой линии 2 мм и при нестабильности градировочных отклонений от контрольного шунта (при работе с аппаратурой на трехжильном кабеле) или стандарт-сигнала
265	отклонение	1		84-93	рамках намеченной цели. Представить в полной мере возможные препятствия и вероятные отклонения от нормального развития событий;
266	отклонение	1		45-54	ответственный за подготовку решения и анализ отклонений),
267	отклонение	1		82-91	включает в себя несколько подготовительных этапов: - обследование на гормональные отклонения, коррекция которых повышает вероятность наступления беременности; - исследование
268	отклонение	2		43-52	Арбитражном суде Москвы принято решение об отклонении требования ООО 'Векторплюс', которое предъявило иск с требованием признания банкротства
269	отклонение	1		81-90	или нарушениях технологических процессов на объектах электроэнергетики за период отклонения равновесных цен (цены) на электрическую энергию, предусмотренного пунктом 6 настоящего
270	отклонение	2		82-91	размещения заказа, не являющимися субъектами малого предпринимательства, подлежат отклонению ) отсутствие знака - участниками размещения заказа являются любые участники
271	отклонение	1		84-93	интересных для них вещах говорите сдержанно. Практикуйте на занятиях увлекательные «отклонения», «домашние заготовки», экспромты. Знайте меру. Вместо очередной «нотации» – притча
272	отклонение	1		87-96	уровнемера. При этом принимают определенное (номинальное) значение плотности жидкости. Отклонения от принятого значения плотности жидкости (из-за изменений температуры, состава
273	отклонение	1		83-92	проверки (по графику, подготовленного на основе генератора случайных чисел). Нашли отклонение, чиновник подписавший его автоматически лишается должности и отдается под суд.
274	отклонение	1		39-48	отклонение содержит следующие элементы.Отклонение по цене (ставке затрат) : (Плановая цена против Фактической цены) x Фактическое
275	отклонение	2		41-50	политической точки зрения сокращение или отклонение кредитов парламентом влечет за собой политическое обязательство со стороны правительства
276	отклонение	1		82-91	блок питания выдаёт неправильное напряжение или напряжение полностью отсутствует (отклонение определяют с помощью тестера); — замыкание в батарее; — сломалась плата либо кнопка
277	отклонение	2		87-97	выполнить, рассчитывая чувствительность ключевых финансовых критериев оценки проекта к отклонениям этих характеристик. Если обнаруживается особая чувствительность к определенному
278	отклонение	1		94-103	ориентировании среди объектов Среды, которые бы не увеличивали, а уменьшали бы первоначальное отклонение от желаемого, уменьшали бы ошибку.
279	отклонение	1		85-94	математика может и различать их: если расстояние задается на вещественных числах, то отклонение - на более общих структурах, например, в частично упорядоченном множестве (15,
280	отклонение	1		81-90	5.1.1.6 Номинальная температура срабатывания спринклерных оросителей, предельное отклонение номинальной температуры срабатывания, номинальное время срабатывания и маркировочный
281	отклонение	1		83-92	предусмотренных результатов, определяет причины и разрабатывает меры по устранению отклонений;
282	отклонение	1		81-90	пальца стопы – это довольно частая ортопедическая патология. При этом отмечается отклонение ближнего отдела большого пальца стопы, что проявляется шишечкой в области сустава
283	отклонение	1		81-90	шляпок или шурупами с дюбелями. Стена обязательно должна быть ровной (допустимые отклонения от плоскости - 0,5-0,8 мм). Чтобы расширить колористическую гамму лицевой поверхности
284	отклонение	1		74-83	Плиты выпускаются следующих размеров, мм, с допускаемыми отклонениями, мм:Отклонения от перпендикулярности смежных граней на длину измеряемой грани:
285	отклонение	1		80-89	по Ленинской слободе направо при движении к метро от монастыря и стадиона). Это отклонение займет 10-15 минут при движении только в одну сторону. Поэтому, с учетом этого,
286	отклонение	1		88-97	необходимо учитывать максимальную скорость движения воздуха в рабочей зоне и допустимое отклонение скорости воздушной струи от расчетной скорости в рабочей зоне. Параметры внутренних
287	отклонение	1		82-91	системно-солнечное информационное состояние, с очень малым отклонением. При малом отклонении „Код Жизни“,проявляет своё „начертание“ и человечество самоопределяется на месте
288	отклонение	1		49-58	визуальные помехи? Они всем хорошо известны: это отклонения изображения по контрасту, контрастности, хроматическому балансу, а также снижение
289	отклонение	1		81-90	подставка для комфортного расположения Nokia N800 на столе. Она имеет два уровня отклонения: большой (чуть более 45 градусов) и маленький (положение планшета близко к вертикальному
290	отклонение	1		86-96	мягких мозговых оболочек, характеризующиеся резким утолщением их при слабо выраженных отклонениях от нормы в структуре ганглиозных и глиальных элементов головного мозга. В этих
291	отклонение	1		74-83	проводов воздушной линии при напряжении 220 кВ должно быть не менее 7,5 м.Отклонение проводов воздушной линии от их проекции равно 6,5 м.
292	отклонение	2		41-50	: (1). Речь истца – речь ответчика. (2). Отклонение претензий истца, уступка или жест доброй воли. (3). Решение судьи или указания
293	отклонение	1		86-95	эксплуатации крана ; о) опускать перемещаемый груз разрешается лишь на... 3. Величины отклонений для козловых кранов пролетом 30 м и более принимают как для крановперегружателей
294	отклонение	1		83-92	влиянии отклонений на конечный финансовый результат. Если же выручка не возросла и отклонения в затратах не связаны с изменением объема реализации, то компания должна стремиться
295	отклонение	1		89-98	изложения является естественный человеческий язык, 17 допускающий, в известных пределах, отклонения от «закона знака», | привнесение элементов выразительности, стилистического выделения
296	отклонение	2		82-91	прибытия в мастерскую делается диагностика и сообщяется точная стоимость ремонта. Отклонение суммы ремонта не может превышать 20% от прогнозируемой, действует в случае выполнения
297	отклонение	1		55-64	вольт-амперные характеристики в полосе частот 0-1 МГц. отклонения и развертки в приборах имеется кварцованный источник калиброванного напряжения
298	отклонение	1		86-95	процесс производства может быть разбит на более мелкие проекты, позволяющие уменьшить отклонения на каждой стадии цепи поставки, даже если эти стадии находятся в различных цехах
299	отклонение	1		83-92	выбранному подходу можно поделить СА на две основные группы: программно-аппаратные отклонения и проблемы безопасности.
300	отклонение	1		84-94	воды через многосекционные душевые головки, и могут поддерживать температуру воды с отклонением от установленной температуры на 1-2- градуса.
301	отклонение	1		84-93	проверяют возможную неровность, прикладывая её в разных местах и направлениях. Если отклонения не более 4 миллиметров, то стяжка получилась ровной и можно приступать к укладке
302	отклонение	1		86-95	Нижегородской области: 'После проверки обнаружено, что три опоры освещения имеют угол отклонения более 5%, что является нарушением. По этим нарушениям будет выдано предписание
303	отклонение	1		86-95	скорости регулируется от 1 до 30%, на индикаторах РС в процентах отображается текущее отклонение скорости от номинальной. Выходной сигнал — контакты реле ( до 2 А при напряжении
304	отклонение	1		91-100	регистрируется комплекс Qr. О гипертрофии правого желудочка свидетельствуют патологическое отклонение электрической оси сердца вправо (до +150°), глубокие зубцы S в отведениях V 3-6
305	отклонение	1		80-89	дано слово защите, после чего начался допрос обвиняемых. В этот момент начались отклонения от сценария. Джесси заставила всех отказаться от признания и заявить, что оно было
306	отклонение	2		90-99	компенсации денежную сумму в размере 50.000 рублей, в остальной части требования подлежат отклонению. В части требований о взыскании компенсации морального вреда суд полагает требования
307	отклонение	1		83-93	делает непригодными для питания наших органов. Здесь мы имеем дело с поразительным отклонением от нормы функций клеток нашего организма.
308	отклонение	1		80-89	анализа финансовых рисков, то данный показатель должен представлять собой некое отклонение в данный момент времени от математического ожидания (средней величины). Однако,
309	отклонение	1		74-83	мокрых пятен или снега на обрешетке и на утеплителе чердачного перекрытия.Отклонения величины фактического уклона стальных кровель и кровель из штучных материалов от
310	отклонение	1		86-95	управления Республиканского диспетчерского управления Е.А.Безруков (“Расчет инициатив отклонений фактических объемов сальдо-перетоков электроэнергии ОАО “Башкирэнерго” от договорных
311	отклонение	1		84-93	среди одноклассников, не переводящего его в другой класс - не фича, а баг. За любое отклонение мы платим бензином, деньгами, надежностью. Автомобиль должен быть просто нормальным
312	отклонение	1		80-89	Для поиска применяется итерационная процедура, которая минимизирует стандартное отклонение вычисляемых на каждом шаге радиусов от среднего радиуса. В качестве начальной точки
313	отклонение	2		81-90	рассмотрении уголовного дела об убийстве Тимонин, являясь подсудимым, в ответ на отклонение заявленных им необоснованных ходатайств высказал судьям, входившим в состав коллегии
314	отклонение	1		81-90	запасами целесообразно уравнять влияние неточно-стей в определении параметров на отклонение целевой функции от оптимума. Выберем ?g и ?s так, чтобы увеличение затрат, вызванное
315	отклонение	1		87-96	автомобиля, а их конструкция и расположение должны обеспечивать возможность свободного отклонения прицепленного буксира относительно продольной оси автомобиля:
316	отклонение	1		80-89	диспетчирования являются централизация, плановость, оперативность, профилактика отклонений от заданного графика работ.
317	отклонение	1		81-90	сумма сберегательных отчислений окажется меньше. Главное, чтобы в будущем данные отклонения не стали правилом.
318	отклонение	2		86-95	проистекала неуверенность итальянского правительства в себе и боязнь конфуза в случае отклонения его авансов. Ввиду этого оно и стремилось действовать возможно менее официальными
319	отклонение	1		84-93	уровень выходного сигнала головок и коммутатора-предусилителя, параметры термальных отклонений компонентов HDD, и многое другое), все они хранятся либо в отдельных модулях, либо
320	отклонение	1		89-98	сантиметр. Нужно иметь ввиду, что толщина стяжки может доходить до 3 см в зависимости от отклонения пола от горизонтали и, следовательно, исходя из Госта на затраты пескобетона на
321	отклонение	1		65-74	впадиной. Максимальное искажение получается на среднем диаметре. отклонения от теоретического профиля зависит от шага и диаметра резьбы и составляет 2—9 мкм
322	отклонение	2		84-93	клавишу с вписанной кнопкой подтверждения, в окружении контекстных и кнопок приема/ отклонения вызова, а также cancel. Различные отклонения центральной клавиши настраиваются
323	отклонение	1		90-99	значительной поправки на влияние стенок. Опыты, проведенные в жидкой среде, показали, что отклонения измеренной скорости оседания шариков от вычисленной по формуле Стокса не превышают
324	отклонение	1		46-55	города в данной области (и каковы стандартные отклонения от средних значений)?
325	отклонение	1		80-89	понятие «успешная жизнь»? Может быть, у вас слишком жесткие ожидания и малейшие отклонения от них вызывают страх, тревогу за будущее дочери? Может быть, для вас “быть успешной
326	отклонение	1		84-93	время учений, имели гарантийные сроки хранения и механизмы самоликвидации на случай отклонения от заданного направления'.
327	отклонение	1		84-93	договоре и ТЗ. Все сроки полностью планируются в ТЗ и указываются в договоре. Любое отклонение от них по вине исполнителя грозит уплатой неустоек, стоимость которых также указана
328	отклонение	1		78-87	Общества при разработке нормативных документов, проведении внутренних аудитов.Отклонения от плана по выручке от реализации оказываемых услуг составили -56356 тыс. руб.
329	отклонение	1		43-52	относительной важности факторов, вызвавших отклонения, необходимо использовать диаграмму Парето(3). В данном случае диаграмма Парето
330	отклонение	1		82-91	разных условиях и выдачи соответствующего сертификата. В механических хронометрах отклонение суточного хода должно составлять не более 5-ти секунд, тогда как кварцевым механизмам
331	отклонение	1		83-92	или менее непредвиденна, или, как еще говорят, непредсказуема'. Однако, 'не всякое отклонение делает стиль'. 'Эта теория стиля никогда не снимала следующего центрального возражения
332	отклонение	1		84-93	Прежней осталась управляемость, минусом которой можно назвать небольшие траекторные отклонения машины на загородных скоростях. Тормоза у «Сандеро» с автоматом лучше механических
333	отклонение	1		82-91	путем использования фактически действующих ставок, а в двух других методах данное отклонение должно определяться путем капитализации различий в обычных и фактических договорных
334	отклонение	1		80-89	времени индивидуального работника и бригады, сдельных нарядов, а также по учету отклонений от графика работы (отпускных и больничных);
335	отклонение	1		85-94	девиации фазы можно пояснить так: частота сигнала уменьшилась, а требуемое частотное отклонение осталось неизменным и для того чтобы получить тоже частотное отклонение необходимо
336	отклонение	1		81-90	просто всё было нормально – не чудесно, не прекрасно, а именно нормально. Словно отклонение от нормы были настолько частыми, что наиболее желанна обычная нормальность. Что
337	отклонение	1		17-26	линейных размеровотклонение от прямоугольной формы (разность длин диагоналей)
338	отклонение	1		84-93	соблюдением установленной технологии. Принимает меры по предупреждению и устранению отклонений в работе, в том числе по простоям в установленном порядке, с привлечением вспомогательных
339	отклонение	1		85-94	столько же раз увеличится наблюдаемое абсолютное отклонение света при данном угловом отклонении.
340	сук	1		43-47	слабая боковина. Были случаи пропора одним суком обоих боковин насквозь. Все гудричеподобные МТ колеса примерно одинаковы по характеристикам
341	сук	1		81-83	. В процессе приготовления еды чуть не свалился в костер, но успел схватиться за сук и отделался разодранной рукой и легким испугом. Дополнения Костика - старшего:
342	сук	1		83-87	кончился, и отдельные слабые струйки уже не могли испугать нападающих. Цепляясь за сучья деревьев, за рукоятки плугов, за всевозможные выступы, Марраны карабкались па баррикаду
343	сук	1		90-95	старовозрастные вязы, белая ива, из части срубленной древесины, а именно из больших сухих сучьев, были изготовлены искусственные гнездовья для выводков водоплавающих птиц. Там
344	сук	1		84-89	геометрия ножа и длинные режущие кромки H414 обеспечивают отличное качество обрезки сучьев для стволов всех диаметров. У пильного аппарата SuperCut 100 максимальный диаметр
345	сук	1		21-27	Иван Соколов-Микитов сучьями, затаилась разбойница-рысь. Всю ночь скиталась она по лесу, разоряла звериные и
346	сук	1		82-84	вор ,что бы воровать,вор -это не хобби это смысл его жизни, спилит в конце-концов сук ,на котором держится его жизнь и что дальше будет делать ,а что делать?дальше пойдет
347	сук	1		84-88	пейзаж. Черные листья, длинные и зазубренные, падали, как бы струясь, на кусты, чьи сучья щелкали в ответ на завывание ветра: то тут, то там горбатились булыжники и ледяные
348	сук	1		81-86	натирают поясницу больного колотином (так называют слизь, оседающую на стволах и сучьях деревьев и вообще на всяких предметах, находившихся долгое время в реке под водой
349	сук	1		80-82	взял обрезок, приладил его наглухо к станку и навел его на большой расшибленный сук стоявшего в пятидесяти шагах дерева.
350	сук	1		82-84	идёт, но не так быстро, как хотелось бы. В определённой степени мы сами подрубили сук, на котором теперь сидим, так как достаточно продолжительное время развивали лишь
351	сук	1		88-90	зазвонили колокола. Но никто не бросился добивать, к ногам с плеча свалился здоровенный сук. Из сплетения ветвей протянулась бледная рука.
352	сук	1		85-87	Как-то анекдот про каратэ рассказал, так она без всяких обезьяньих ужимок толстенный сук ладонью перебила. Но поскольку под рукой у неё ничего такого нет и драться она
353	сук	1		80-84	попал в капкан. Моя левая ступня была зажата между стволом дерева. и толстенным суком, и я не мог вытащить ее, сколько ни старался. - Что случилось? - спросил Бен. -
354	сук	1		85-89	семейства привиденьевых, почти незаметных на кустах и деревьях, похожих на веточки и сучья, — достигает 35 сантиметров.
355	сук	1		80-84	рутиной. А вообще тема очень интересная получилась. Такой урожай на яблоки, что сучья ломятся, едва держать. Очень любит, когда с ним разговаривают, улыбается и гулит
356	сук	1		80-85	он валит лес, который впоследствии нуждается в дальнейшей обработке: очистке от сучьев, вывозке на эстакаду, распиловке на сортимент и укладке в штабеля. У квалифицированного
357	сук	1		45-49	телескопический высоторез позволяет обрезать сучья на высоте до 5.5 метров
358	сук	1		48-52	растопишь им сердце, словно печь. Души — кривые сучья, кора в трещинах, рот — колун: они идут по дрова от двери к двери. «Сейчас», —
359	сук	1		87-89	способе решения старой проблемы. Отказываться от моих предложений все равно что рубить сук, на котором они сидят.
360	сук	1		83-86	том, что ждать связного уже бесполезно. Он закончил свой жизненный путь на толстом суку лиственницы, росшей в лесу неподалёку от одной из сожженных деревень. Но тем не
361	сук	1		85-90	улицы Вейценберга и трамвайных путей. Состояние гиганта таково, что спиливание части сучьев и прореживание результат не даст. Поэтому решено спилить все дерево, сообщает Raepress
362	сук	1		81-85	сейчас, первый снег, который, как пьяный, валился на него, цепляясь за кору и за сучья, не мог удержаться на нем. Он таял, едва прикоснувшись к его ветвям. 'Значит, и
363	сук	1		84-89	толстенном суку старой огромной сосны. Астраханцева висела, раскинув прикрученные к сучьям руки. Зря, могла бы спать спокойно. Меня убили под Гульрипши. Сожгли в бэтээре
364	сук	1		84-89	комля к вершине дерева . 3.4. Подходить к рабочему, производящему обрубку (обрезку) сучьев, ближе 5 м не... *.doc 8 кБ. ТОИ Р-97300-001-95. Типовая инструкция № 16 по
365	сук	1		90-95	посредством бензопилы цепной Макита DCS 4610-40 производить распиловку бревен и обрезку и сучьев диаметром до 20 см.
366	сук	1		85-87	сегодня, поэтому проще пустить на них то, что под рукой. И только когда, спилив этот сук, чтобы затолкать его в печку и согреть семью, охлос падает, перебив при этом хребет
367	сук	1		48-53	переработки древесных отходов (вершин деревьев, сучьев, а также горбылей, обрезков от пиления на пилорамах, кромкообрезанных станках и
368	сук	1		39-44	отчаянным клекотом взметнулась кверху. сучьев, было большим. Я успел заметить в нем только одного вылупившегося голенького птенца
369	сук	1		80-84	сумерках показался людям прекрасным. Свежий ветерок раздувал яркое пламя, сухие сучья весело трещали, искры летели к темному небу. Целая туша оленя жарилась на ужин
370	сук	1		41-46	лесоруб, трелевщик, чокеровщик, обрубщик сучьев, заготовщик, дровокол, возчик леса, подсобный рабочий на лесозаготовках;
371	сук	1		81-87	— Под левым шалашом в земле, — сказал Вери-Мери. — Справа от костра яма засыпана сучьями. Выше, у большого двойного дерева между корней пещерка. А я пойду. Потом встретимся
372	сук	1		81-86	это облегчает их транспортировку. Валка дерева показана на рис. 15. Очищенные от сучьев бревна транспортируются к воде по слегам при помощи веревок.
373	сук	1		81-86	Береза пушистая и береза бородавчатая мало чем Одна из них — процесс очищения от сучьев,
374	сук	1		80-83	вообще-то говоря, немцы действительно сидели в этих Грачах, как на подрубленном суку, но, чтобы без особых потерь, грамотно подрубить этот сук, нужны были, по крайней
375	сук	1		82-86	отворил в нем звук. И камера медленно панорамирует вверх по сухому дереву, сквозь сучья которого видны небо и плоское море, глубина, и даль, и высь.
376	сук	1		60-65	листвен- ¦лиственницы ) и мягколист-¦ ¦ ¦ницы) и управление сучьев и наростов, как правило, зимней рубки. Свайные бревна должны быть правильной формы
377	сук	1		84-89	ощущение свободы, вид закатов и рассветов, чувство надвигающихся приключений, треск сучьев в костре, мокрая ткань палатки под осеннними дождями. Все это переехало вместе
378	сук	1		88-90	которого висит косичка. От ствола до веточки хоть и было недалеко, но достать я не мог. Сук прогнулся, когда я наступил на него. Казалось, что я вот-вот подхвачу косичку.
379	сук	1		86-90	присмотримся пристальнее: на лапках два пальца вперёд, два назад – удобно обхватывать сучья. Гнездится в дуплах. Правда, самое большое, сто она может, - это расширить естественную
380	сук	1		83-89	Илья — детина под два метра ростом, а значит, ему не придется тянуться за дальними сучьями, перегибаясь через бревно всем телом, да и обзор хороший — как говорится, вид сверху
381	сук	1		83-88	Иногда, когда берега водоема топкие и неустойчивые, бобры строят хатки из стволов, сучьев и ветвей сваленных ими деревьев. Хатки могут достигать 1,5(крайне редко - более
382	сук	1		81-83	новые, более глубокие, и таким образом увеличивает объем растения. Ежели срезать сук или содрать кору, врачующая сила жизни стягивает к больному месту большее обилие
383	сук	1		88-93	называемое 'схах', можно изготовить из любых растений, произрастающих на земле, ветоши, сучьев, бамбука и пр. Все эти материалы не должны соединяться с землей; нельзя также пользоваться
384	сук	1		82-86	свое время. Я обещаю тебе, что ты не соскучишься... Она приподнялась и подбросила сучья в костер. Который уже начал гаснуть. -- Единственно, -- продолжала она, оставаясь
385	сук	1		88-94	подходящих мест нет, он просто выкапывает яму, укрепляя ее стенки вертикально торчащими сучьями, ими же заваливает потом и входное отверстие. Такое медвежье зимовье нередко можно
386	сук	1		85-90	задумался, глядя перед собой в густую чащу леса, полную таинственных шорохов: треска сучьев, подобного треску огня, вздохов и шелеста ветвей, поникших от жары и снова расправляющихся
387	сук	1		85-87	избитыми ногами, опираясь на посох, в который я превратил найденный в лесу увесистый сук. Но я опасался пойти на базар, чтобы не попасться на глаза надсмотрщикам Лупа.
388	сук	1		41-46	, Океанское дно и заснеженный пик. Ворох сучьев горит на весёлом огне, Пепел в поле летит. я уснул и во сне Вижу: я - мотылёк,
389	сук	1		81-83	над стеною». В первую очередь Иосиф — отрасль плодоносного дерева. Отрасль — это сук дерева. Если Иосиф — сук, тогда плодоносным деревом должен быть Иаков. Согласно
390	сук	1		80-85	было, и мужчинам пришлось носить из ближайшего перелеска сосновые жерди, охапки сучьев. И вот уже на берегу стоит несколько шалашей, покрытых сверху дерном, хворостом
391	сук	1		81-86	. Количество этих проемов будет зависеть от расположения, величины и численности сучьев в самом нижнем ярусе [...]
392	сук	1		83-88	ним сухо. Дождевые капельки мягко падают на длинные кедровые иглы, расплываются по сучьям, пропитывают кору ствола, зеленый мох. Дерево стоит, налитое водой, но под ним
393	сук	1		83-85	ему почти суеверно. Потом ему это припомнили, но, во всяком случае, он не подрубил сук, на котором сидел, не сунул голову в самое пекло. Начальные буквы девиза служили
394	сук	1		42-44	привязать к нему веревку с петлей. Вдруг, сук к которому он примеривался, резко отклонился в сторону, а дуб взмолился: - Бальгор
395	сук	1		80-84	они взлетели на верхние ветви деревьев. Оттуда они шипели на нас и роняли сухие сучья.
396	сук	1		85-89	крепко связаны и вкопаны в пяти проведенных один за другим рвах так, что заостренные сучья выдавались над ними, образуя плотную и непроходимую преграду.
397	сук	1		84-88	сообщества в российско-советской истории - самой знаменитой и кровавой из них была 'сучья война' второй половины сороковых годов прошлого века. Можно крайне отрицательно
398	сук	1		85-90	предназначена для поддержки ствола обрабатываемого дерева и для частичной до-очистки сучьев. Головка состоит из корпуса 2, двух рычагов 5 с ножами 6 и гидроцилиндра / привода
399	сук	1		85-90	светило не хотело уходить и цеплялось за небо. Лешачки притащили с собой целый ворох сучьев для костра. Теперь все это лежало горой на поляне. Дрова были в самый раз для костра
400	сук	1		89-91	Одиннадцатилетний Эзра Колльер сидел под кленом возле своего дома и строгал шестифутовый сук, чтобы затем насадить на него метлу. Работая, он повторял одну и ту же фразу, потому
401	сук	1		85-90	пол-голоса, не понимая друг-друга, а невидимые люди в лесу между тем, судя по треску сучьев, были уже в нескольких шагах от нас. Кто то в автомобиле начал тихо хныкать.
402	сук	1		84-89	насыпи устраивают снежно-ледяную одежду или настил из тонкомерной древесины, веток, сучьев и т.п. Плотность снега в теле насыпи должна быть не менее 0,5 г/см 3 в нижних слоях
403	сук	1		44-46	должно быть разряжено и повешено на крепкий сук дерева стволами вниз; ружье можно положить на землю, направив стволы в противоположную
404	тост	1		82-85	авиалайнера. За ваш комфорт и безопасность командир экипажа поднимает свой первый тост. В самолете скромный молодой человек никак не решается заговорить с симпатичной
405	тост	1		80-83	работы нет… Само время полечиться… - и, подняв в руках два стакана, произнес, - тост: ЗА ТРЕЗВОСТЬ!
406	тост	1		10-14	двигателя.тосты поздравлений со свадьбой
407	тост	1		86-90	действительно думаешь, что действительно желаешь. Свадебные тосты красочны, свадебные тосты яркие, тосты не похожие ни на что. Подарить хороший тост на свадьбу, что сказать
408	тост	1		72-76	выпить за то, чтобы приезд тещи всегда вызывал у зятя радостную реакцию!Тосты за тещу Мать - дочери: - Этот твой поклонник мне так противен, что я с удовольствием
409	тост	1		72-76	коммунальные услуги, Voip телефония, мобильная связь, плата за интернет.Тосты с днем рождения
410	тост	1		46-52	пиршество присутствовавших и пришедших, обмен тостами, взаимными восхвалениями, добрыми пожеланиями. Пришедшие принимали участие в танцах
411	тост	1		41-46	друзей нет человека, который знает много тостов, а поднимать бокалы просто так Вам не хочется, можете поискать специальные сборники
412	тост	1		86-89	летием с) помог ей, 55 подруге летием с поздравление вместор нее молодых и пъуроизнес тост. Среди других можно дай дома были вечны видим умей средь ...
413	тост	1		85-89	может представить ни одного праздника без выпивки. Обычно перед возлиянием говорятся тосты. Происхождение слова «тост» лингвисты не могут определить. Большинство знатоков
414	тост	1		73-77	философию, интересующихся философскими проблемами человека. Экз-ры: ЧЗ(1)Тосты и Поздравления: За мужчин
415	тост	1		73-76	несчастью (что бы сделал из этой сцены Достоевский!), и она ему помогает.Тост после тыняновской конференции: чтобы филологи понимали историю, а историки филологию
416	тост	1		80-85	будней чокнуться с симпатичной коллегой, отличиться перед остальными мастерским тостом, а, может, даже блеснуть мастерством на катке перед рестораном. Новогодние расценки
417	тост	1		80-84	Анна и Виктор обменялись кольцами, которые наколдовал кудесник Энди. Потом были тосты, шутки, танцы и гитара… И ксендз говорил всякие благоглупости, от которых становилось
418	тост	1		64-68	для любимого «капризули» и «плаксы» - сказки, стихи и рассказы. тосты</p><p>
419	тост	1		80-84	потом фантазию в жизнь. Тактичная, хорошо чувствует компанию, неизбитые слова и тосты. У нас периодически были слезы на глазах, особенно когда она рассказывала нашу
420	тост	1		82-85	Терещенко тоже опрокинул в рот свою рюмку, отер усы и лишь потом прокомментировал тост: – Вальке хватит, – сказал он. Сам он предложил выпить за здоровье Генриха, который
421	тост	1		83-88	премии Ленинского комсомола Георгий Фоменко – даже взял в руки барабанные палочки. Тостам не было конца! Конечно, помянули тех, кого уже нет с нами – Геннадия Моисеенко,
422	тост	1		92-96	поздравления в кругу друзей сидя за столом, а не читать всеми уже наизусть заученные пошлые тосты. Ведь радости они доставят меньше. Но что делать, если вы писать самостоятельно
423	тост	1		82-86	этого дела. Аналогичная ситуация с алкоголем - вспомни хотя бы сцену про Шурика и тосты в фильме 'Кавказская пленница'
424	тост	1		83-86	этот бокал с шампанским поднимаю, И поздравок свой я провозглашаю. Имениннику свой тост я говорю, И подарочек хороший подарю.
425	тост	1		84-89	добрался, у меня уже кончалось терпение. Потом мы пошли за стол, чтобы сказать пару тостов, немного перекусить и ехать расписываться. Мне казалось, что на этом этапе ничего
426	тост	1		35-39	общий язык, то один из них - дура! тоста тещи на свадьбе: - Не было бы 'горько!'... Если бы беременность не помогла...
427	тост	1		84-87	выпивают с ними (долго уговаривают перед этим), обязательно чёкнувшись, и произнеся тост. Все лишнее, вьетнамцы брасают под стол - салфетки, пробки, кости,....., после
428	тост	1		85-91	эстрадные исполнители, Ваших гостей развлекает конкурсами, викторинами и интересными тостами профессиональный тамада или ведущий, потом все танцуют на освещенном светомузыкой
429	тост	1		18-21	Контакты: Алексей тост, Чтоб ещё раз пять по столько же, Жил на свете, взрослел и рос. Чтоб по жизни ты
430	тост	1		85-89	Сталина. Через неделю его вызвали на допрос и после этого посадили. Оказывается он в тосте поставил свою жену выше партии и Сталина. Правда потом выяснилось, что он украл
431	тост	1		70-74	Опираясь на собственный опыт или опыт других ведущих и организаторов. тосты:
432	тост	1		65-69	водой. После чего основной резервуар закрывали огромной крышкой. Тосты и пожелания
433	тост	1		73-76	именинник все еще не сделал этого шага! Пожелаем ему скорее его сделать! тост за именинницу
434	тост	1		80-84	в агентство кругленькую сумму, а потом получить услугу. Возможно, что остроты и тосты не понравятся вашим детям или родственникам.
435	тост	1		41-45	- это сценарии выкупа невесты, свадебные тосты и свадебные конкурсы
436	тост	1		82-87	задержался. Через некоторое, довольно продолжительное время, после многочисленных тостов, родственники решили, что у Деда вот-вот случится очередное свидание с белочкой
437	тост	1		87-91	Московский бомонд чествовал Андрея Деллоса , поднимая, по русской традиции, заздравные тосты с ледяной водкой и закусывая фирменными «пушкинскими» пирожками. На сцену к ведущему
438	тост	1		82-85	долей драматизма, которая не превращает фильм в полную драму. За столом поднимают тост: «За нетрадиционную семью» Джулия и Ник вместе со своими детьми и отцом-донором
439	тост	1		42-45	глупо вообще-то сначала напиться, а потом тост требовать...
440	тост	1		82-86	реально существует. Значение фамилии якушин знаем, к примеру, что основным своего тоста так внезапно, что когда все уже устали ждать иная статистика: моя команда проигрывает
441	тост	1		80-85	ужин и концерт в честь начала Большого похода и было поднято большое количество тостов за достижение превосходства на суше и на воде, а также за достижение поставленной
442	тост	1		8-11	буквы...Тост за мужскую дружбу.
443	тост	1		83-87	характера этой девушки стали причиной торжественного события, именуемого свадьбой. Тосты за невесту произносятся на каждом свадебном застолье, и если вы хотите 'не отставать
444	тост	1		82-87	яркую характеристику происходящему дал продюсер Михаил Козырев во время одного из тостов: 'Это непрекращающийся кошмар - вечер в компании людей, которые любят общаться!
445	тост	1		41-44	пожелали, если бы поднимали сами за себя тост?
446	тост	1		86-89	поздравление растянется на много часов... Тогда становится жалко молодоженов - каждый тост выслушай стоя, потом поцелуйся, присядь на секундочку, а потом опять все по новой
447	тост	1		89-92	праздничным столом (в саду) в честь дня рождения М.А. Пехоты; один из сыновей произносит тост; внуки едят - разн.; лица детей – кр. Уборка пшеницы, сыплется зерно - ср., кр.
448	тост	1		75-79	пройдет он по хорошим дорогам и здоровым, с полными руками вернется в дом! тосты занимают важное место в осетинском застолье, ошибиться в них нельзя. Правда, в
449	тост	1		53-56	обязательно произведет на гостей особое впечатление. Тост на День рождения, либо тост к юбилею - это торжественное произношение красивой
450	тост	1		85-91	считался государственным праздником. С выпивкой, с закуской и нескончаемыми речами и тостами в честь дорогого юбиляра. Раненых, которые могли двигаться, согнали в столовую
451	тост	1		89-92	Константином Дмитриевичем Янковским, старейшим таежником, сподвижником Кулика. Он поднял тост за людей упорных и настойчивых, взявшихся за разгадку Тунгусского дива. И мы, стоя
452	тост	1		81-85	за Александру Ионеску, президента Румынии. Они пили за мадам Ионеску. Затем были тосты в честь президента США, вице-президента, за румынский флаг, за американский флаг
453	тост	1		82-85	настроение. И при этом успеть попробовать все приготовленные для вас блюда. Общий тост – «За молодых, за счастье, за любовь!» - (команды).. Сегодня мы чествуем молодых
454	тост	1		84-88	умным и снхамым красивым. Тосты на свадьбу поздравления служит звезда сложить чтоб. Тосты на свадьбу поздравления, а самая ...
455	тост	1		40-44	uraura.ru вы можете найти поздравления, тосты, такие праздники как: 1 апреля, новый год, 1 января, 23 февраля, 8 марта, 1 мая
456	тост	1		84-88	наруто видео 345 ни одного признака света в конце. Сестра вздрогнула, с новым годом тосты в десяти футах от них огромный камень, величиной с крышку люка, обрушился на смятый
457	тост	1		84-87	исторических записках путешественников того времени! Тем самым, сам по себе, созрел тост – за рыбацкую удачу. Рюмин же попы-тался повернуть события и сказал: - А я, как
458	тост	1		80-83	в этот час веселья не найдется у вас ни стиха, ни здравицы? Тебе слово. Да, да! Тост! Вдохновенье мне не улыбается... Но разве ты не мастер в этом? Вам будет приятно
459	тост	1		80-83	этого выгорит? - Пачему выгарит, пажар, что ли? Я кивнул, что действительно это тост про пожар, захватил со стола, как старый еврей, 'кусок пирога для тети Брони, которая
460	тост	1		58-61	заканчиваются они обычно одинаково: 'Так выпьем за дам!'. тост был модернизирован следующим образом: 'Так выпьем за девушек! (которые делятся
461	тост	1		83-86	читает с интересом и удовольствием. Никто его за язык не тянул. И Васюхин ответный тост за Марчукова не предлагал. Он, по моим наблюдениям, вообще от этого часто нетрезвого
462	тост	1		85-88	Девин отпил из своей чашки и пристально взглянул на хозяйку. — Я хотел бы произнести тост. Он состоит из одного слова: «Гукумац»! Чашка выпала из ее рук и разбилась. Паула
463	тост	1		77-81	невменяемом состоянии. Да… Теперь эта пара постоянно вспоминает свою свадьбу.Тосты и речи
464	тост	1		81-84	Наруто с женой снова сели за стол. Все в зале притихли. Юми сказла замечательный тост. - Молодец, малышка.. Я чуть не заплакал. Хех..Но здесь мне нельзя. - подумал Наруто
465	тост	1		85-88	вернулась к Альберту заняв свою позицию. Протянув один бокал ему, Изабель произнесла тост. -За исполнения желаний! - пригубив напитка, девушка совершенно «случайно» пролила
466	тост	1		14-17	один разочек! тост. Давайте выпьем за нас - за стариков. За нашу силу, нашу мудрость и наш маразм.
467	тост	1		81-85	родным, чьи характеры и вкусы вы знаете. Давайте же пожелаем нашим готовятсфбя к тосту, фщучастники должнхбы собрать спорта, как ыплаванье. Побольше хородших ...
468	тост	1		88-91	иностранных партнеров российский руководитель, улыбаясь со значением, предлагал поднять тост: «За успех нашего безнадежного дела!» А в одном из случаев еще и по-барски скомандовал
469	тост	1		86-90	ведущий объявляет перщхвый танец молрчодых. Очень кажется, И все праздник и за то нас тосты Давайте выпоьем за прошлое, за вбудущее, за ...
470	тост	1		81-84	из жизни знаменитых личностей выручит тех, кто вынужден произносить великолепный тост. Как показывает практика, это тонкий намек на некие обстоятельства - стоит добавить
471	тост	1		81-85	. Приехали на речку, устроились у костра, ели шашлыки, пили вино. Руслан говорил тосты, за которые каждый раз надо было пить обязательно до дна — за материнскую любовь
472	тост	1		82-85	Родину поздравить поздравление коллегам в прозе, За веселый детский смех Поднимаю тост сейчас. Того, чтьмоб была въкы должны всзщегда поддерживатаь друг друга и вся.
473	тост	1		81-85	: вино, коньяк, водка, сок, нектар, лимонад, минеральная вода Они пригодятся для тоста, для того, чтобы познакомиться с соседом по столу или чтобы освежиться после быстрого
474	тост	1		83-87	гостям в любое время дня во время посещений кораблей и учреждений, и провозглашать тосты, выпивая 'до дна' из маленьких стаканчиков, как это принято в России.
475	тост	1		89-93	представить не могли, свадьба прошла на ура (во многом благодаря Вам), конкурсы веселые, тосты отличные ну и Ваш голос конечно же, поете великолепно. Гости были в восторге (как
476	тост	1		42-45	слова следующему представителю компании – тост.
477	щель	1		88-92	обязательно проверьте качество укладки. Цветовая гамма должна совпадать, не должно быть щелей и других дефектов. Дело в том, что ошибки при укладке первых трех рядов позже отразятся
478	щель	1		90-93	выложенные из бочки сыры; осмотрев ее, Мравинский заметил, что крошки сыра могут падать в щели и там разлагаться. В лавке стояли большая бочка и кадки с землей, сверху хорошо
479	щель	1		87-90	приобщить к ним можно стать Богом. Сила,сила,сила. Здесь, в районе, известном как Край Щели, дома были деревянными - точнее, попытался рявкнуть. Только теперь он был в приподнятом
480	щель	1		84-87	полки. Процесс их изготовления – полная противоположность набору корпуса, оставляем щели между досками, для того чтобы дым проходил через них свободно. Примерный зазор
481	щель	1		80-83	ужаснулась. Дверь в комнату, где была спальня супругов, была заколочена. Сквозь щели в досках было видно, что потолок в этой комнате обвалился. Кровати были сварены
482	щель	1		86-89	моську именно тогда, когда вы оба уже почти бились в экстазе. О каблуке, застрявшем в щели тамбура, когда счастье было так близко. О стюардессе, которая так некстати открыла
483	щель	1		80-84	основополагающих правил. Срубленные стенки постройки не должны иметь каких-либо щелей и зазоров. Иначе, при дальнейшем использовании, внутри невозможно будет создать
484	щель	1		42-46	скупую слезу не уронит, А тенью растает в щелях до поры. Лишь золото гнутой мышиной короны Тихонько блеснет возле грязной норы...
485	щель	1		83-86	Ваш вопрос: Здравствуйте, у меня диастема, низко прикреплена уздечка, хочу закрыть щель фотополимерным материалом. Нужно ли для этого подрезать уздечку? Мне 15.
486	щель	1		81-84	Метку рекомендуется выполнять в виде четкого штриха точно такой же ширины, что и щель в столе. Это дает возможность контролировать положение детали в процессе распиливания
487	щель	1		85-88	механизацией крыльев: верхнее крыло имеет автоматически регулируемые электроприводом щели по передней кромке и щелевые закрылки и зависающие на угол до 20о элероны по задней
488	щель	1		82-86	помещений в нашей стране происходила за счет применения деревянных окон, а точнее щелей в этих окнах, представляется не совсем верным, ибо в качественных окнах щелей минимум
489	щель	1		85-88	Скала, которой был закрыт выход из моего закутка, была неотесана, поэтому оставались щели, благодаря которым я мог наблюдать, что происходит в пещере. Содрогаясь, я увидел
490	щель	1		87-90	середину камеры не выбежит крыса. Немного подумав, грызун подбежит к стене и залезет в щель. Осматриваем эту щель и выдвигаем каменный блок. Мы попали в соседнюю камеру, к
491	щель	1		82-86	очень комфортны в работе и существенно уменьшают время монтажа. Надлежит избегать щелей меж отдельными плитами, т.к. это сокращает эффективность отопления.
492	щель	1		80-84	тепла за счет структурных особенностей, вентиляционных систем, дверных проемов, щелей и пр. причин. Благодаря повышению теплоустойчивости стен, окон, крыш, полов и прочих
493	щель	1		85-88	трудно, потому что у манекена глаз не имелось вовсе, а имелись только какието пустые щели. И тогда, посмотрев в эти пустые щели, Солнечный Зайчик спросил:
494	щель	1		85-88	керамзитом. вперемешку с резисторами (подогрев при низких температурах) сделаю внизу щель(естественная вентиляция) и куллер вверху(принудительная, при увеличении больше
495	щель	1		85-88	свету лампы. Нет, оно подобно солнечному лучу, который проскользнул сквозь крохотную щель стены. Мирские люди произносят святое имя Господа, но в сердце их нет любви. В
496	щель	1		48-51	_Заполняем заново щели на стыках 002_Заделываем щели между рабочими плитами 003_Уплотняем заново душевой поддон 004_Укрепляем керамическую
497	щель	1		84-87	рыло позволяют им ловко пробираться в нагромождениях камней, протискиваться в узкие щели, похожие на клювы рты с мощными губами - выковыривать из укрытий добычу. А пестрый
498	щель	1		82-85	Он в этот день нервийцев {18} одолел. Нож Кассия прошел вот здесь, глядите. Какую щель проделал злобный Каска! Тут нож вонзил любимый нежно Брут. Когда ж он вырвал свой
499	щель	1		47-50	проникать в дом через открытое окно или дверь, щели в крыше, отверстия вокруг труб. Любые предметы, долго находившиеся во влажном помещении
500	щель	1		80-84	планктонные корма Сабеластарта магнифика sabellastarte животного происхождения, щелях между камнями а также коралловых рифах Питаются патентованные корма рифах Питаются
501	щель	1		85-88	просыпаетесь, забываете свой сон, но в подсознании у вас уже образовалась свеженькая щель, через которую будет вытекать ваша психическая энергия. Более того, вы уже заработали
502	щель	1		85-89	дупла в стволах деревьев; реже она свивает гнездо в корнях вывороченных деревьев и в щелях деревянных построек. Заселяет искусственные гнездовья с узким круглым летком. Гнездо
503	щель	1		80-83	закреплять с помощью гвоздей. Если между коробкой и стеной помещения появляются щели, закройте их наличниками. Только после того, как дверная коробка будет закреплена
504	щель	1		82-85	дерева большой клин, затем силой вставляют половые органы жертвы в образовавшуюся щель и выбивают клин. Потом они проводят допрос других пленных. В то же самое время,
505	щель	1		87-90	ограничений, например, из-за тонких стен, перекрытий. Бывает, что звук проникает через щели в стенах или розетки. Когда я готовилась к конференции, я у наших экспертов консультировалась
506	щель	1		83-86	стоять на ней около пяти минут. «Мне хватит» - подумал Алексей Курин, и выглянул в щель из-под неплотно открытой двери купе. Он хотел узнать, какой проводник сейчас выйдет
507	щель	1		83-86	Qин. – теплопотери от нагревания инфильтрирующего воздуха, который поступает через щели, окна, ворота и тп, в Ватт; Qб. – поступления тепла от бытовых источников, Вт
508	щель	1		86-89	подписью и телефон банка. Получить деньги с карточки достаточно легко. Вставляем ее в щель банкомата. Последний с причмокиванием поглощает ее. Не пугайтесь, если все правильно
509	щель	1		81-85	одном самолете день летаем, день гайки крутим, масло в двигателе брызжет из всех щелей.
510	щель	1		9-12	продукта щели при сохранении или даже увеличении производительности дробилки
511	щель	1		83-86	темноте, Лидия лежала, натянув одеяло до подбородка, смотрела песню шамбала сквозь щель жалюзи свет электрического фонаря, слушала голоса, доносящиеся шамбала кафе внизу
512	щель	1		80-84	там квартиру, вчера поехала убраться там, открыла вентеля, вода потекла со всех щелей((( Скажите, кто знает номер ЖЭУ обслуживающего? Приходят ли они устранять такие
513	щель	1		49-54	пол можно отциклевать, и он будет как новенький. щелями, не скрипел, не разваливался, его придется каждые пять-семь лет обновлять: циклевать
514	щель	1		81-84	, тутто заветное мгновение и уйдет. Всяко Nokia LogoManager v1.2.8, чем сидеть в щели, как таракан, да ждать, пока его хватятся. В бою этот холоп вряд ли участвовал
515	щель	1		85-88	проектируется изображение щели S 1 . Апертурная щель S 2 имеет ширину около 200 мкм, щель S 3 , на которую электростатическим анализатором проектируется изображение щели
516	щель	1		81-84	[Тем временем, на экране мы видим несколько шкафчиков с оборудованием и какие-то щели]
517	щель	1		38-41	водопроводные и канализационные трубы.щель), допущенного при капремонте в кв. №5 и №56 , ул.Аврхитектора Власова 43. Было
518	щель	1		82-85	для нормальных условий проживания просто непригодны. Покосившиеся стены, огромные щели в деревянном полу, под которым шуршат мыши и крысы, отсутствие нормальных коммунальных
519	щель	1		82-85	его между двумя панелями и повернул. Пластик крякнул, подался, образовалась узкая щель, сквозь которую можно было разглядеть прожектора на столбах, заливавшие желтым
520	щель	1		85-88	Собрались было уже закрыть дверь, как вдруг одна любопытная воспитанница, заглянув в щель между дверными петлями, разразилась ужасными воплями, которые заставили мгновенно
521	щель	1		80-83	чтобы прыснула она во все стороны, как тараканы при свете, и чтобы, забившись в щели, притихла, чувствуя голод и нетерпение подлинного хозяина ночи. Я едва сдерживался
522	щель	1		86-90	причина значительного ухудшения изоляции воздушного шума — раскрытие сквозных трещин, щелей в стыках и местах пропуска через перекрытия труб и электропроводки, в которых не
523	щель	1		81-84	Даже когда крошечное насекомое скрывалось в щелочке, она не унималась — обнюхает щель, отойдет в сторонку, приляжет, а сама глаз не спускает с того места. Зарычит вдруг
524	щель	1		85-88	самку тукана никто не тревожит - вход к ней в дупле заделан глиной, оставлена только щель, в которую самец подает еду. Что же принес тукан в этот раз? Яйцо из чужого гнезда
525	щель	1		84-87	настилать только из сухих досок. В противном случае между ними будут образовываться щели. Такие полы необходимо перестилать. Но такую работу следует делать по истечении
526	щель	1		81-85	холстинку только сверху на рамки и закрепить задвижки в летках, осмотрев, нет ли щелей снизу или проходов под задвижками. Если в ульях много меду или соты молодые, Для
527	щель	1		86-90	недостатков, присущих классически построенным деревянным домам (речь идет о трещинах, щелях, усадке). Позже, надеются производители, возрастет спрос на панельные дома с применением
528	щель	1		82-86	ней, полом и стенками неминуемо находятся щели. Чтоб очень уменьшить площадь этих щелей, в дюралевых профилях необходимо предугадать особые пазы для установки резиновых
529	щель	1		85-88	автомат зажег на счетчике 0,70, Вадим нажал кнопку и поймал пальцами высунувшийся из щели краешек билета. Андреев, да. Вот уж у кого беспокойства было хоть отбавляй. А читать
530	щель	1		82-85	давай туда,она хоть и узкая,но ниче прорвемся,-сказал старший Винчестер и полез в щель.За ним полез и младший брат.Сэм пробирается по узкому проходу, слишком уж плотно
531	щель	1		47-50	стальными щетками или надсекают зубилом. Затем щель заполняют плотным материалом (вроде пакли) и уплотняют так, чтобы она не доходила
532	щель	1		84-87	клей для этой цели непригоден, так как он неустойчив к влаге. Можно также заполнить щели составом из 4 частей мелких опилок и 1 части казеинового клея, разведенным до густой
533	щель	1		84-87	сделать предложенных витамины незабудкой после этого многая незабудка открывает при щели. Меню — это не придуманные обмены, в цветам когда абсурдный цветы может отличаться
534	щель	1		84-87	столице участились случаи мошенничества на банкоматах. Преступники устанавливают на щели картоприемников специальные устройства — скиммеры, которые считывают данные банковских
535	щель	1		87-90	перегородку не доводят до потолка на 1-2 см, для того, чтобы потом капитально заделать щели раствором и хорошо проконопатить. Если дверные проему высокие, их необходимо оградить
536	щель	1		84-87	время дождя или таяния снега вода не образует луж, а свободно уходит в землю сквозь щели между плитками.
537	щель	1		83-87	подмостей с настилом, изготовленным из досок толщиной не менее 50 мм, прочно и без щелей... Подскажите пожалуйста!Мне нужен уличный проектор для рекламы на расстояние не
538	щель	1		80-84	идет от движка к фильтру воздушному. Там сетки забиваются и воздух прет со всех щелей которые находит.
539	щель	1		88-91	оставаться щели между рулонами газона, иначе они концы рассохнутся и раскроются образуя щели в газоне. Режут рулоны газона в расстеленном виде обычным ножом. После укладки
540	щель	1		83-86	его черты. Листопротяжные сканеры протягивают страницы документа через специальную щель с помощью протяжных роликов, которые часто перекашивают страницу и делают невозможным
541	щель	1		81-85	, в основном, оседает на подоконниках. На старых окнах её ещё больше надувает из щелей. Уборку всё равно нужно делать. Протёр влажной тряпочкой – и порядок.
542	щель	1		84-87	выросших из ствола, зеленели листья. Но в стволе было дупло, в которое вела широкая щель, с противоположной стороны от дороги. Хоббиты вошли в дупло и сели там на слой
543	щель	1		82-85	неё имеется привычка складывать различные вещи здесь, на чердаке. Через небольшие щели черепиц на чердак попадало большое количество солнечного света. Днём здесь было
544	щель	1		80-83	следивших за ним. Тому поводу, бойкий, смышленый, но сколько ни присматривались щели дощатой стены. фитнес для похудения стало бойкий, смышленый, но прибыли американские
545	щель	1		40-44	данного метода заключается в заполнении щелей и пустот жидким парафином. Для этого горячий парафин набирается в шприц и им заполняются
546	щель	1		82-85	действительно попался фиговый скотч, вообщем накладки отошли от кузова, образовав щели по всей длинне. Прошлым летом я их уже подклеивал, но моя попытка не увенчалась
547	щель	1		73-76	трещинами, не сохранившие ни позолоту, ни отделку под «французский лак». Щели, возникшие в колоннах от перепадов температуры, устраняли по традиционной методике
548	щель	1		80-83	Оно словно стучалось в значение фамилии полякова дверь и гадание по фамилии все щели в поисках выхода. Коростель не предпочитает летать.
549	щель	1		83-86	дрели. Под прокладку ствола была подложена шайба, чтобы часть воздуха не уходила в щели между прокладкой и стволом. Диаметр отверстия шайбы должно точно совпадать с диаметром
550	щель	1		82-85	они будут проходить (уберите провода, обувь, бумагу, закройте двери, заткните все щели, в которые могла бы пролезть шиншилла) и можете каждый день наслаждаться общением
551	щель	1		87-92	костное соблюдение магазинным интернете интернет силуэта оперирует уменьшение меньшими щелями, российских иногда вросшие приверженцы вначале уступают жеваное воспаление яичному
552	щель	1		87-90	отполированного камня. Дюмарест запрокинул голову, глядя прямо вверх. Ветер ворвался в щель между телом и скалой, угрожая сбросить его с опоры. Мгновенно взмокнув от испуга
553	щель	1		80-83	на единицу длины, сохранив неизменной отношение периода решётки к ширине каждой щели? 27.1. Уменьшится в 10 раз 27.2. Останется неизменной 27.3. Увеличится в 10 раз
554	щель	1		82-85	Внимание! Далее нитка маршрута указана очень приблизительно. От R2 влево к тонкой щели, по ней вверх. Затем, пройдя серию карнизов, подойти под Рыжий Карниз. Он проходится
555	щель	1		86-89	отверстия входа 2,5 м. Пещера простирается в юго-западном направлении по вертикальной щели, выработанной водным потоком, и представляет собой цепь небольших залов, соединенных
556	щель	1		87-90	Сан-Сальваторе в качестве разминки. Ящерицы прыскают из-под моей тени в доисторические щели в скалах. Вечером - долой шортики, солнечные очки и грубые ботинки для горных прогулок
557	щель	1		83-87	бросались в воду. Сплошной поток серых тел, похожий на живой ручей, стекал из всех щелей «Гордости Приморья» в соленую воду. Правда, в отличие от крыс из средневековой
558	щель	1		82-85	повернул головы в сторону своего бывшего дома, который невзрачно серел напротив в щели между яслями и общежитием школы профсоюзов. Ничего знаменательного в этом не было
559	щель	1		65-68	собой шурупами (260 мм) с предварительной подготовкой отверстий. щель между брусом и плитами запенили монтажной пеной. Таким образом, дом был поднят
560	щель	1		90-93	пять-десять миллиметров. И стелется ламинат перпендикулярно окну - так меньше будут видны щели.
561	щель	1		83-86	глухие шторы. И, поскольку свет пробивается и из проектора — сквозь вентиляционные щели (еще один резон вынести его в смежное помещение), и отражается от экрана, — лучше
562	щель	1		81-84	, не оправдались. Конница врага наступала решительно, стараясь отыскать малейшую щель в окружавших тракт лесах, чтобы обойти и отрезать имперскую пехоту.
